PairID,Class,ParentSubject1,ParentSubject2,Method
pointnet_raw_balanced_jitter_pair0000,1,left_TLE_sub-167_hippocampus_lh_aligned,left_TLE_sub-408_hippocampus_lh_aligned,pointnet_raw_balanced_jitter
pointnet_raw_balanced_jitter_pair0001,1,left_TLE_sub-36487_hippocampus_lh_aligned,left_TLE_sub-293_hippocampus_lh_aligned,pointnet_raw_balanced_jitter
pointnet_raw_balanced_jitter_pair0002,1,left_TLE_sub-290_hippocampus_lh_aligned,left_TLE_sub-445_hippocampus_lh_aligned,pointnet_raw_balanced_jitter
pointnet_raw_balanced_jitter_pair0003,1,left_TLE_sub-167_hippocampus_lh_aligned,left_TLE_sub-372_hippocampus_lh_aligned,pointnet_raw_balanced_jitter
pointnet_raw_balanced_jitter_pair0004,1,left_TLE_sub-218_hippocampus_lh_aligned,left_TLE_sub-168_hippocampus_lh_aligned,pointnet_raw_balanced_jitter
pointnet_raw_balanced_jitter_pair0005,1,left_TLE_sub-329_hippocampus_lh_aligned,left_TLE_sub-78_hippocampus_lh_aligned,pointnet_raw_balanced_jitter
pointnet_raw_balanced_jitter_pair0006,1,left_TLE_sub-389_hippocampus_lh_aligned,left_TLE_sub-407_hippocampus_lh_aligned,pointnet_raw_balanced_jitter
pointnet_raw_balanced_jitter_pair0007,1,left_TLE_sub-379_hippocampus_lh_aligned,left_TLE_sub-416_hippocampus_lh_aligned,pointnet_raw_balanced_jitter
pointnet_raw_balanced_jitter_pair0008,1,left_TLE_sub-32907_hippocampus_lh_aligned,left_TLE_sub-183_hippocampus_lh_aligned,pointnet_raw_balanced_jitter
pointnet_raw_balanced_jitter_pair0009,1,left_TLE_sub-433_hippocampus_lh_aligned,left_TLE_sub-294_hippocampus_lh_aligned,pointnet_raw_balanced_jitter
pointnet_raw_balanced_jitter_pair0010,1,left_TLE_sub-32159_hippocampus_lh_aligned,left_TLE_sub-27872_hippocampus_lh_aligned,pointnet_raw_balanced_jitter
