epoch,loss,seconds
1,0.6629107876965598,
2,0.516364554745957,
3,0.407368114005729,
4,0.323185545515749,
5,0.25953258719120675,
6,0.20977029463568306,
7,0.17065008999907935,
8,0.13898290689348547,
9,0.11368268539840813,
10,0.09276666583847908,
11,0.07567891152280487,
12,0.06205797946631496,
13,0.0507155741758193,
14,0.041828385864451215,
15,0.033995609774414515,
16,0.028425539844000754,
17,0.023548987266314745,
18,0.01995179582157997,
19,0.017098531508222447,
20,0.01462916420050019,
21,0.012718735425430934,
22,0.011241909162614755,
23,0.010043139465768593,
24,0.008951941769974497,
25,0.008050474492301174,
26,0.007308415294197742,
27,0.0066576064977381,
28,0.006156800175315452,
29,0.0056829857583141725,
30,0.005303014973579463,
31,0.0049419537189208705,
32,0.0046404788565982446,
33,0.004382690298937371,
34,0.004130956983219427,
35,0.003908364504080434,
36,0.003731084876167071,
37,0.00354907983400997,
38,0.003386411442755397,
39,0.003245424406923803,
40,0.0031169924052284487,
41,0.002989497499393458,
42,0.002867478066654749,
43,0.002764658751263676,
44,0.002673362962713955,
45,0.0025772979478375286,
46,0.002491712369947574,
47,0.00240602343451098,
48,0.00233051019678329,
49,0.0022568490406782646,
50,0.0021920495598081817,
51,0.002125152701803271,
52,0.002067046349738883,
53,0.002008685208482131,
54,0.0019573821544319847,
