Subject,PatientID,Fold,BinaryClass,Probability,Prediction
right_Healthy_sub-00373_hippocampus_rh_aligned,sub-00373,8,0,4.741747943626251e-06,0
right_Healthy_sub-04004_hippocampus_rh_aligned,sub-04004,5,0,1.6995856640278362e-05,0
right_Healthy_sub-04005_hippocampus_rh_aligned,sub-04005,10,0,0.0005066274898126721,0
right_Healthy_sub-04009_hippocampus_rh_aligned,sub-04009,10,0,0.0023016559425741434,0
right_Healthy_sub-04013_hippocampus_rh_aligned,sub-04013,1,0,0.0004101425874978304,0
right_Healthy_sub-04015_hippocampus_rh_aligned,sub-04015,5,0,0.0030265513341873884,0
right_Healthy_sub-04027_hippocampus_rh_aligned,sub-04027,8,0,1.0171616850129794e-05,0
right_Healthy_sub-04164_hippocampus_rh_aligned,sub-04164,10,0,0.6233997941017151,1
right_Healthy_sub-04165_hippocampus_rh_aligned,sub-04165,4,0,0.04202594608068466,0
right_Healthy_sub-04166_hippocampus_rh_aligned,sub-04166,7,0,0.002248779870569706,0
right_Healthy_sub-04169_hippocampus_rh_aligned,sub-04169,5,0,0.0014490816975012422,0
right_Healthy_sub-04170_hippocampus_rh_aligned,sub-04170,2,0,0.0001405286166118458,0
right_Healthy_sub-04171_hippocampus_rh_aligned,sub-04171,9,0,0.027955060824751854,0
right_Healthy_sub-04178_hippocampus_rh_aligned,sub-04178,1,0,0.9991469383239746,1
right_Healthy_sub-04201_hippocampus_rh_aligned,sub-04201,4,0,0.2081592082977295,0
right_Healthy_sub-04202_hippocampus_rh_aligned,sub-04202,9,0,0.0005596255650743842,0
right_Healthy_sub-04209_hippocampus_rh_aligned,sub-04209,9,0,0.5249881148338318,1
right_Healthy_sub-04211_hippocampus_rh_aligned,sub-04211,1,0,2.1860250853933394e-05,0
right_Healthy_sub-04215_hippocampus_rh_aligned,sub-04215,8,0,0.00018940525478683412,0
right_Healthy_sub-04216_hippocampus_rh_aligned,sub-04216,4,0,6.754186324542388e-05,0
right_Healthy_sub-04217_hippocampus_rh_aligned,sub-04217,10,0,0.002134674694389105,0
right_Healthy_sub-04221_hippocampus_rh_aligned,sub-04221,5,0,7.4468829552643e-05,0
right_Healthy_sub-04245_hippocampus_rh_aligned,sub-04245,6,0,0.0025353620294481516,0
right_Healthy_sub-106_hippocampus_rh_aligned,sub-106,2,0,0.02934817411005497,0
right_Healthy_sub-118_hippocampus_rh_aligned,sub-118,10,0,5.519275873666629e-05,0
right_Healthy_sub-120_hippocampus_rh_aligned,sub-120,7,0,0.07584154605865479,0
right_Healthy_sub-125_hippocampus_rh_aligned,sub-125,8,0,0.0659545287489891,0
right_Healthy_sub-143_hippocampus_rh_aligned,sub-143,1,0,0.0014255883870646358,0
right_Healthy_sub-149_hippocampus_rh_aligned,sub-149,3,0,0.0003190167772118002,0
right_Healthy_sub-154_hippocampus_rh_aligned,sub-154,7,0,0.00010781799210235476,0
right_Healthy_sub-162_hippocampus_rh_aligned,sub-162,7,0,0.000492011196911335,0
right_Healthy_sub-165_hippocampus_rh_aligned,sub-165,3,0,0.0015190301928669214,0
right_Healthy_sub-167_hippocampus_rh_aligned,sub-167,6,0,0.0004780185699928552,0
right_Healthy_sub-168_hippocampus_rh_aligned,sub-168,9,0,0.02984297089278698,0
right_Healthy_sub-174_hippocampus_rh_aligned,sub-174,4,0,0.0007094573811627924,0
right_Healthy_sub-176_hippocampus_rh_aligned,sub-176,5,0,0.0014985058223828673,0
right_Healthy_sub-183_hippocampus_rh_aligned,sub-183,4,0,0.00034560670610517263,0
right_Healthy_sub-188_hippocampus_rh_aligned,sub-188,7,0,0.0037895995192229748,0
right_Healthy_sub-191_hippocampus_rh_aligned,sub-191,7,0,0.07143194228410721,0
right_Healthy_sub-196_hippocampus_rh_aligned,sub-196,5,0,0.0002034440403804183,0
right_Healthy_sub-199_hippocampus_rh_aligned,sub-199,4,0,0.28750625252723694,0
right_Healthy_sub-208_hippocampus_rh_aligned,sub-208,9,0,0.0015989678213372827,0
right_Healthy_sub-215_hippocampus_rh_aligned,sub-215,6,0,7.359225037362194e-06,0
right_Healthy_sub-217_hippocampus_rh_aligned,sub-217,7,0,2.8069827749277465e-05,0
right_Healthy_sub-218_hippocampus_rh_aligned,sub-218,4,0,7.911366992630064e-05,0
right_Healthy_sub-220_hippocampus_rh_aligned,sub-220,8,0,7.186821312643588e-05,0
right_Healthy_sub-227_hippocampus_rh_aligned,sub-227,6,0,3.372567880433053e-05,0
right_Healthy_sub-229_hippocampus_rh_aligned,sub-229,5,0,0.0007919733179733157,0
right_Healthy_sub-235_hippocampus_rh_aligned,sub-235,5,0,0.00027410240727476776,0
right_Healthy_sub-236_hippocampus_rh_aligned,sub-236,10,0,0.0001418947649654001,0
right_Healthy_sub-23_hippocampus_rh_aligned,sub-23,5,0,6.392404611688107e-05,0
right_Healthy_sub-240_hippocampus_rh_aligned,sub-240,2,0,0.7681810855865479,1
right_Healthy_sub-251_hippocampus_rh_aligned,sub-251,8,0,0.014623686671257019,0
right_Healthy_sub-259_hippocampus_rh_aligned,sub-259,6,0,0.00011678162263706326,0
right_Healthy_sub-25_hippocampus_rh_aligned,sub-25,2,0,0.011607850901782513,0
right_Healthy_sub-263_hippocampus_rh_aligned,sub-263,2,0,0.0016069096745923162,0
right_Healthy_sub-264_hippocampus_rh_aligned,sub-264,1,0,0.00025348918279632926,0
right_Healthy_sub-265_hippocampus_rh_aligned,sub-265,4,0,0.0042462763376533985,0
right_Healthy_sub-266_hippocampus_rh_aligned,sub-266,10,0,0.9217134118080139,1
right_Healthy_sub-267_hippocampus_rh_aligned,sub-267,3,0,0.00016079308988992125,0
right_Healthy_sub-26896_hippocampus_rh_aligned,sub-26896,4,0,0.000255884398939088,0
right_Healthy_sub-270_hippocampus_rh_aligned,sub-270,7,0,0.0031363768503069878,0
right_Healthy_sub-273_hippocampus_rh_aligned,sub-273,3,0,0.029869701713323593,0
right_Healthy_sub-27872_hippocampus_rh_aligned,sub-27872,6,0,4.502114734350471e-06,0
right_Healthy_sub-27934_hippocampus_rh_aligned,sub-27934,7,0,0.008836581371724606,0
right_Healthy_sub-27_hippocampus_rh_aligned,sub-27,1,0,0.0014887176221236587,0
right_Healthy_sub-282_hippocampus_rh_aligned,sub-282,8,0,0.044760316610336304,0
right_Healthy_sub-29073_hippocampus_rh_aligned,sub-29073,6,0,0.5961533188819885,1
right_Healthy_sub-29096_hippocampus_rh_aligned,sub-29096,9,0,2.6278103177901357e-05,0
right_Healthy_sub-290_hippocampus_rh_aligned,sub-290,3,0,0.0010026246309280396,0
right_Healthy_sub-293_hippocampus_rh_aligned,sub-293,9,0,0.0007883421494625509,0
right_Healthy_sub-294_hippocampus_rh_aligned,sub-294,2,0,0.020496806129813194,0
right_Healthy_sub-302_hippocampus_rh_aligned,sub-302,1,0,0.00029536825604736805,0
right_Healthy_sub-310_hippocampus_rh_aligned,sub-310,2,0,5.634964327327907e-05,0
right_Healthy_sub-314_hippocampus_rh_aligned,sub-314,2,0,0.4496016502380371,0
right_Healthy_sub-316_hippocampus_rh_aligned,sub-316,2,0,4.957147393724881e-05,0
right_Healthy_sub-320_hippocampus_rh_aligned,sub-320,4,0,0.059790875762701035,0
right_Healthy_sub-32159_hippocampus_rh_aligned,sub-32159,8,0,5.953336221864447e-05,0
right_Healthy_sub-32907_hippocampus_rh_aligned,sub-32907,3,0,0.024699952453374863,0
right_Healthy_sub-329_hippocampus_rh_aligned,sub-329,10,0,0.0003723780973814428,0
right_Healthy_sub-336_hippocampus_rh_aligned,sub-336,9,0,0.00033621827606111765,0
right_Healthy_sub-337_hippocampus_rh_aligned,sub-337,4,0,0.0001719492138363421,0
right_Healthy_sub-33_hippocampus_rh_aligned,sub-33,7,0,8.076295671344269e-06,0
right_Healthy_sub-34273_hippocampus_rh_aligned,sub-34273,2,0,0.9999886751174927,1
right_Healthy_sub-34359_hippocampus_rh_aligned,sub-34359,8,0,0.034827444702386856,0
right_Healthy_sub-34736_hippocampus_rh_aligned,sub-34736,8,0,0.0183702539652586,0
right_Healthy_sub-347_hippocampus_rh_aligned,sub-347,4,0,0.4432990252971649,0
right_Healthy_sub-348_hippocampus_rh_aligned,sub-348,2,0,0.00010267386096529663,0
right_Healthy_sub-351_hippocampus_rh_aligned,sub-351,7,0,0.9857460260391235,1
right_Healthy_sub-35272_hippocampus_rh_aligned,sub-35272,6,0,0.9810039401054382,1
right_Healthy_sub-353_hippocampus_rh_aligned,sub-353,6,0,0.002782295225188136,0
right_Healthy_sub-354_hippocampus_rh_aligned,sub-354,1,0,0.2307908833026886,0
right_Healthy_sub-35557_hippocampus_rh_aligned,sub-35557,4,0,0.0064645190723240376,0
right_Healthy_sub-358_hippocampus_rh_aligned,sub-358,3,0,3.827460022876039e-05,0
right_Healthy_sub-36487_hippocampus_rh_aligned,sub-36487,6,0,0.006636326666921377,0
right_Healthy_sub-364_hippocampus_rh_aligned,sub-364,7,0,0.02360420674085617,0
right_Healthy_sub-366_hippocampus_rh_aligned,sub-366,5,0,3.904917775798822e-06,0
right_Healthy_sub-36737_hippocampus_rh_aligned,sub-36737,4,0,0.18737834692001343,0
right_Healthy_sub-36866_hippocampus_rh_aligned,sub-36866,7,0,3.9955069951247424e-05,0
right_Healthy_sub-37117_hippocampus_rh_aligned,sub-37117,2,0,0.0029910735320299864,0
right_Healthy_sub-37289_hippocampus_rh_aligned,sub-37289,3,0,0.0031986103858798742,0
right_Healthy_sub-372_hippocampus_rh_aligned,sub-372,6,0,0.0005025642458349466,0
right_Healthy_sub-375_hippocampus_rh_aligned,sub-375,2,0,0.12821847200393677,0
right_Healthy_sub-379_hippocampus_rh_aligned,sub-379,7,0,9.162923561234493e-06,0
right_Healthy_sub-37_hippocampus_rh_aligned,sub-37,5,0,0.0004675822565332055,0
right_Healthy_sub-387_hippocampus_rh_aligned,sub-387,10,0,0.000947990280110389,0
right_Healthy_sub-388_hippocampus_rh_aligned,sub-388,2,0,1.8964243281516246e-05,0
right_Healthy_sub-389_hippocampus_rh_aligned,sub-389,1,0,0.00041791051626205444,0
right_Healthy_sub-39_hippocampus_rh_aligned,sub-39,10,0,0.9554327726364136,1
right_Healthy_sub-4001_hippocampus_rh_aligned,sub-4001,8,0,0.7020130157470703,1
right_Healthy_sub-4003_hippocampus_rh_aligned,sub-4003,1,0,0.0003544971696101129,0
right_Healthy_sub-4004_hippocampus_rh_aligned,sub-4004,2,0,0.13063858449459076,0
right_Healthy_sub-4006_hippocampus_rh_aligned,sub-4006,7,0,0.0020561942365020514,0
right_Healthy_sub-4007_hippocampus_rh_aligned,sub-4007,10,0,0.00021244610252324492,0
right_Healthy_sub-4008_hippocampus_rh_aligned,sub-4008,7,0,0.027050327509641647,0
right_Healthy_sub-4009_hippocampus_rh_aligned,sub-4009,1,0,0.0021407930180430412,0
right_Healthy_sub-4010_hippocampus_rh_aligned,sub-4010,6,0,0.0002610180526971817,0
right_Healthy_sub-4011_hippocampus_rh_aligned,sub-4011,8,0,7.438451575580984e-05,0
right_Healthy_sub-4012_hippocampus_rh_aligned,sub-4012,6,0,0.00015565118519589305,0
right_Healthy_sub-4013_hippocampus_rh_aligned,sub-4013,9,0,7.310968794627115e-05,0
right_Healthy_sub-4014_hippocampus_rh_aligned,sub-4014,6,0,0.001359016983769834,0
right_Healthy_sub-4015_hippocampus_rh_aligned,sub-4015,1,0,0.10055013000965118,0
right_Healthy_sub-4018_hippocampus_rh_aligned,sub-4018,3,0,0.01682627946138382,0
right_Healthy_sub-4019_hippocampus_rh_aligned,sub-4019,6,0,9.024966129800305e-05,0
right_Healthy_sub-401_hippocampus_rh_aligned,sub-401,2,0,0.03946492820978165,0
right_Healthy_sub-4020_hippocampus_rh_aligned,sub-4020,8,0,0.0043268403969705105,0
right_Healthy_sub-4021_hippocampus_rh_aligned,sub-4021,9,0,0.002077165525406599,0
right_Healthy_sub-4022_hippocampus_rh_aligned,sub-4022,1,0,0.004105288535356522,0
right_Healthy_sub-4023_hippocampus_rh_aligned,sub-4023,9,0,8.53591991472058e-05,0
right_Healthy_sub-4024_hippocampus_rh_aligned,sub-4024,8,0,0.0037551014684140682,0
right_Healthy_sub-4025_hippocampus_rh_aligned,sub-4025,4,0,5.89064002269879e-05,0
right_Healthy_sub-4026_hippocampus_rh_aligned,sub-4026,9,0,0.0003826377505902201,0
right_Healthy_sub-4027_hippocampus_rh_aligned,sub-4027,3,0,0.07569186389446259,0
right_Healthy_sub-4028_hippocampus_rh_aligned,sub-4028,3,0,0.0035454723984003067,0
right_Healthy_sub-4030_hippocampus_rh_aligned,sub-4030,7,0,4.228106627124362e-05,0
right_Healthy_sub-4031_hippocampus_rh_aligned,sub-4031,2,0,0.1709434688091278,0
right_Healthy_sub-4033_hippocampus_rh_aligned,sub-4033,6,0,0.0003786442393902689,0
right_Healthy_sub-4034_hippocampus_rh_aligned,sub-4034,2,0,0.001411601435393095,0
right_Healthy_sub-4035_hippocampus_rh_aligned,sub-4035,8,0,0.9979965090751648,1
right_Healthy_sub-4036_hippocampus_rh_aligned,sub-4036,9,0,0.0014019020600244403,0
right_Healthy_sub-4037_hippocampus_rh_aligned,sub-4037,4,0,0.00027556007262319326,0
right_Healthy_sub-4038_hippocampus_rh_aligned,sub-4038,2,0,0.9886471629142761,1
right_Healthy_sub-4039_hippocampus_rh_aligned,sub-4039,9,0,0.9715943932533264,1
right_Healthy_sub-4041_hippocampus_rh_aligned,sub-4041,3,0,0.00012352665362413973,0
right_Healthy_sub-4042_hippocampus_rh_aligned,sub-4042,5,0,0.02471684291958809,0
right_Healthy_sub-4043_hippocampus_rh_aligned,sub-4043,8,0,1.8334603737457655e-05,0
right_Healthy_sub-4044_hippocampus_rh_aligned,sub-4044,2,0,5.919070463278331e-05,0
right_Healthy_sub-4045_hippocampus_rh_aligned,sub-4045,7,0,4.7743666073074564e-05,0
right_Healthy_sub-4046_hippocampus_rh_aligned,sub-4046,10,0,0.0020872598979622126,0
right_Healthy_sub-4047_hippocampus_rh_aligned,sub-4047,1,0,0.002764941193163395,0
right_Healthy_sub-4048_hippocampus_rh_aligned,sub-4048,5,0,2.579638567112852e-05,0
right_Healthy_sub-4049_hippocampus_rh_aligned,sub-4049,3,0,0.007648254744708538,0
right_Healthy_sub-4051_hippocampus_rh_aligned,sub-4051,7,0,0.14520587027072906,0
right_Healthy_sub-4052_hippocampus_rh_aligned,sub-4052,10,0,1.5206637726805639e-05,0
right_Healthy_sub-4053_hippocampus_rh_aligned,sub-4053,8,0,0.00045378791401162744,0
right_Healthy_sub-4054_hippocampus_rh_aligned,sub-4054,10,0,0.0004921758081763983,0
right_Healthy_sub-4055_hippocampus_rh_aligned,sub-4055,3,0,0.027638375759124756,0
right_Healthy_sub-4056_hippocampus_rh_aligned,sub-4056,4,0,0.0013788490323349833,0
right_Healthy_sub-4057_hippocampus_rh_aligned,sub-4057,2,0,0.0012586190132424235,0
right_Healthy_sub-4058_hippocampus_rh_aligned,sub-4058,1,0,0.008123321458697319,0
right_Healthy_sub-4060_hippocampus_rh_aligned,sub-4060,6,0,3.1547850085189566e-05,0
right_Healthy_sub-4061_hippocampus_rh_aligned,sub-4061,5,0,0.003295695874840021,0
right_Healthy_sub-4063_hippocampus_rh_aligned,sub-4063,4,0,0.00470358831807971,0
right_Healthy_sub-4064_hippocampus_rh_aligned,sub-4064,9,0,0.0002043125859927386,0
right_Healthy_sub-4065_hippocampus_rh_aligned,sub-4065,10,0,0.00028167260461486876,0
right_Healthy_sub-4067_hippocampus_rh_aligned,sub-4067,5,0,0.7972245812416077,1
right_Healthy_sub-4068_hippocampus_rh_aligned,sub-4068,1,0,8.523018914274871e-05,0
right_Healthy_sub-4069_hippocampus_rh_aligned,sub-4069,1,0,0.21797765791416168,0
right_Healthy_sub-4072_hippocampus_rh_aligned,sub-4072,9,0,0.0013147540157660842,0
right_Healthy_sub-4076_hippocampus_rh_aligned,sub-4076,6,0,0.0005193353281356394,0
right_Healthy_sub-4077_hippocampus_rh_aligned,sub-4077,1,0,0.9106652736663818,1
right_Healthy_sub-4078_hippocampus_rh_aligned,sub-4078,8,0,0.000393915077438578,0
right_Healthy_sub-4079_hippocampus_rh_aligned,sub-4079,4,0,0.016162773594260216,0
right_Healthy_sub-407_hippocampus_rh_aligned,sub-407,3,0,0.23974695801734924,0
right_Healthy_sub-4080_hippocampus_rh_aligned,sub-4080,7,0,0.00022988930868450552,0
right_Healthy_sub-4081_hippocampus_rh_aligned,sub-4081,9,0,0.00025174301117658615,0
right_Healthy_sub-4082_hippocampus_rh_aligned,sub-4082,10,0,0.001786438631825149,0
right_Healthy_sub-4083_hippocampus_rh_aligned,sub-4083,3,0,0.0072875795885920525,0
right_Healthy_sub-4084_hippocampus_rh_aligned,sub-4084,3,0,0.9887490272521973,1
right_Healthy_sub-4085_hippocampus_rh_aligned,sub-4085,5,0,8.085961599135771e-05,0
right_Healthy_sub-4086_hippocampus_rh_aligned,sub-4086,3,0,0.004083267413079739,0
right_Healthy_sub-4087_hippocampus_rh_aligned,sub-4087,8,0,0.00046677174395881593,0
right_Healthy_sub-4088_hippocampus_rh_aligned,sub-4088,10,0,6.542987102875486e-05,0
right_Healthy_sub-4089_hippocampus_rh_aligned,sub-4089,8,0,5.993929153191857e-05,0
right_Healthy_sub-408_hippocampus_rh_aligned,sub-408,9,0,0.0010512698208913207,0
right_Healthy_sub-4090_hippocampus_rh_aligned,sub-4090,3,0,5.4340955102816224e-05,0
right_Healthy_sub-4091_hippocampus_rh_aligned,sub-4091,3,0,4.061711297254078e-05,0
right_Healthy_sub-4092_hippocampus_rh_aligned,sub-4092,5,0,0.004475565627217293,0
right_Healthy_sub-4093_hippocampus_rh_aligned,sub-4093,1,0,0.00041793484706431627,0
right_Healthy_sub-4095_hippocampus_rh_aligned,sub-4095,3,0,0.00432919105514884,0
right_Healthy_sub-4096_hippocampus_rh_aligned,sub-4096,8,0,0.01178746484220028,0
right_Healthy_sub-4098_hippocampus_rh_aligned,sub-4098,10,0,0.0006140463519841433,0
right_Healthy_sub-4100_hippocampus_rh_aligned,sub-4100,9,0,0.004524437710642815,0
right_Healthy_sub-416_hippocampus_rh_aligned,sub-416,9,0,1.3994526852911804e-05,0
right_Healthy_sub-420_hippocampus_rh_aligned,sub-420,6,0,5.231078830547631e-06,0
right_Healthy_sub-421_hippocampus_rh_aligned,sub-421,2,0,2.094219598802738e-05,0
right_Healthy_sub-423_hippocampus_rh_aligned,sub-423,8,0,0.50411456823349,1
right_Healthy_sub-425_hippocampus_rh_aligned,sub-425,10,0,0.00027394280186854303,0
right_Healthy_sub-426_hippocampus_rh_aligned,sub-426,1,0,0.0004568190488498658,0
right_Healthy_sub-433_hippocampus_rh_aligned,sub-433,3,0,0.12542879581451416,0
right_Healthy_sub-444_hippocampus_rh_aligned,sub-444,7,0,0.012169556692242622,0
right_Healthy_sub-445_hippocampus_rh_aligned,sub-445,6,0,0.0583086758852005,0
right_Healthy_sub-446_hippocampus_rh_aligned,sub-446,7,0,0.0011782937217503786,0
right_Healthy_sub-450_hippocampus_rh_aligned,sub-450,5,0,0.0030424122232943773,0
right_Healthy_sub-452_hippocampus_rh_aligned,sub-452,5,0,0.0002000931854126975,0
right_Healthy_sub-460_hippocampus_rh_aligned,sub-460,4,0,0.0005187836359255016,0
right_Healthy_sub-461_hippocampus_rh_aligned,sub-461,10,0,0.0004991618916392326,0
right_Healthy_sub-46_hippocampus_rh_aligned,sub-46,6,0,0.49421584606170654,0
right_Healthy_sub-55_hippocampus_rh_aligned,sub-55,6,0,0.0010411146795377135,0
right_Healthy_sub-56_hippocampus_rh_aligned,sub-56,10,0,0.0004346124769654125,0
right_Healthy_sub-5_hippocampus_rh_aligned,sub-5,4,0,0.0010852065170183778,0
right_Healthy_sub-67_hippocampus_rh_aligned,sub-67,1,0,0.001063393778167665,0
right_Healthy_sub-68_hippocampus_rh_aligned,sub-68,9,0,0.00013929589476902038,0
right_Healthy_sub-74_hippocampus_rh_aligned,sub-74,4,0,0.00045275973388925195,0
right_Healthy_sub-77_hippocampus_rh_aligned,sub-77,5,0,0.003605716396123171,0
right_Healthy_sub-78_hippocampus_rh_aligned,sub-78,1,0,3.957588432967896e-06,0
right_Healthy_sub-87_hippocampus_rh_aligned,sub-87,5,0,0.0010728765046223998,0
right_Healthy_sub-90_hippocampus_rh_aligned,sub-90,9,0,0.1483559012413025,0
right_Healthy_sub-92_hippocampus_rh_aligned,sub-92,5,0,0.003555477596819401,0
right_TLE_sub-101_hippocampus_rh_aligned,sub-101,4,1,0.008830460719764233,0
right_TLE_sub-105_hippocampus_rh_aligned,sub-105,9,1,0.9997794032096863,1
right_TLE_sub-114_hippocampus_rh_aligned,sub-114,7,1,0.05572886765003204,0
right_TLE_sub-115_hippocampus_rh_aligned,sub-115,2,1,0.2885415554046631,0
right_TLE_sub-11_hippocampus_rh_aligned,sub-11,8,1,0.5645910501480103,1
right_TLE_sub-126_hippocampus_rh_aligned,sub-126,7,1,0.9979239702224731,1
right_TLE_sub-135_hippocampus_rh_aligned,sub-135,7,1,0.9998161196708679,1
right_TLE_sub-144_hippocampus_rh_aligned,sub-144,7,1,0.2312258630990982,0
right_TLE_sub-147_hippocampus_rh_aligned,sub-147,6,1,0.9070276618003845,1
right_TLE_sub-153_hippocampus_rh_aligned,sub-153,6,1,0.14253120124340057,0
right_TLE_sub-155_hippocampus_rh_aligned,sub-155,2,1,0.9999752044677734,1
right_TLE_sub-161_hippocampus_rh_aligned,sub-161,6,1,0.8904422521591187,1
right_TLE_sub-175_hippocampus_rh_aligned,sub-175,8,1,0.9721199870109558,1
right_TLE_sub-193_hippocampus_rh_aligned,sub-193,6,1,0.910322368144989,1
right_TLE_sub-197_hippocampus_rh_aligned,sub-197,2,1,0.9999891519546509,1
right_TLE_sub-201_hippocampus_rh_aligned,sub-201,3,1,0.008149095810949802,0
right_TLE_sub-207_hippocampus_rh_aligned,sub-207,6,1,0.9981281161308289,1
right_TLE_sub-219_hippocampus_rh_aligned,sub-219,3,1,0.7348988056182861,1
right_TLE_sub-233_hippocampus_rh_aligned,sub-233,2,1,0.9379243850708008,1
right_TLE_sub-237_hippocampus_rh_aligned,sub-237,8,1,0.9756187200546265,1
right_TLE_sub-238_hippocampus_rh_aligned,sub-238,5,1,0.3212094008922577,0
right_TLE_sub-246_hippocampus_rh_aligned,sub-246,5,1,0.2042030692100525,0
right_TLE_sub-247_hippocampus_rh_aligned,sub-247,6,1,0.042204923927783966,0
right_TLE_sub-255_hippocampus_rh_aligned,sub-255,7,1,0.004505741875618696,0
right_TLE_sub-269_hippocampus_rh_aligned,sub-269,4,1,0.0003445753245614469,0
right_TLE_sub-292_hippocampus_rh_aligned,sub-292,1,1,0.04339827224612236,0
right_TLE_sub-29332_hippocampus_rh_aligned,sub-29332,1,1,0.0019338394049555063,0
right_TLE_sub-296_hippocampus_rh_aligned,sub-296,1,1,0.9999632835388184,1
right_TLE_sub-2_hippocampus_rh_aligned,sub-2,7,1,0.9995251893997192,1
right_TLE_sub-300_hippocampus_rh_aligned,sub-300,3,1,0.9998005032539368,1
right_TLE_sub-301_hippocampus_rh_aligned,sub-301,8,1,0.9017848968505859,1
right_TLE_sub-305_hippocampus_rh_aligned,sub-305,10,1,0.993228018283844,1
right_TLE_sub-31730_hippocampus_rh_aligned,sub-31730,3,1,0.000952842878177762,0
right_TLE_sub-317_hippocampus_rh_aligned,sub-317,9,1,0.9347985982894897,1
right_TLE_sub-31_hippocampus_rh_aligned,sub-31,8,1,0.0003710950259119272,0
right_TLE_sub-32231_hippocampus_rh_aligned,sub-32231,9,1,0.015618468634784222,0
right_TLE_sub-32310_hippocampus_rh_aligned,sub-32310,10,1,5.503993179445388e-06,0
right_TLE_sub-32436_hippocampus_rh_aligned,sub-32436,10,1,0.9968417882919312,1
right_TLE_sub-325_hippocampus_rh_aligned,sub-325,10,1,0.5735406875610352,1
right_TLE_sub-330_hippocampus_rh_aligned,sub-330,9,1,0.0027435929514467716,0
right_TLE_sub-332_hippocampus_rh_aligned,sub-332,2,1,0.9999525547027588,1
right_TLE_sub-334_hippocampus_rh_aligned,sub-334,4,1,0.9918609857559204,1
right_TLE_sub-340_hippocampus_rh_aligned,sub-340,5,1,0.9721571803092957,1
right_TLE_sub-343_hippocampus_rh_aligned,sub-343,1,1,0.0008414920303039253,0
right_TLE_sub-34437_hippocampus_rh_aligned,sub-34437,8,1,7.200500112958252e-05,0
right_TLE_sub-344_hippocampus_rh_aligned,sub-344,2,1,0.9999842643737793,1
right_TLE_sub-346_hippocampus_rh_aligned,sub-346,1,1,0.9389663338661194,1
right_TLE_sub-35232_hippocampus_rh_aligned,sub-35232,4,1,0.0015093631809577346,0
right_TLE_sub-352_hippocampus_rh_aligned,sub-352,6,1,0.9991268515586853,1
right_TLE_sub-35538_hippocampus_rh_aligned,sub-35538,10,1,0.0002646409848239273,0
right_TLE_sub-362_hippocampus_rh_aligned,sub-362,1,1,0.819668173789978,1
right_TLE_sub-36387_hippocampus_rh_aligned,sub-36387,5,1,0.4588855504989624,0
right_TLE_sub-365_hippocampus_rh_aligned,sub-365,6,1,0.94034743309021,1
right_TLE_sub-37130_hippocampus_rh_aligned,sub-37130,4,1,0.9980296492576599,1
right_TLE_sub-374_hippocampus_rh_aligned,sub-374,4,1,0.9999676942825317,1
right_TLE_sub-376_hippocampus_rh_aligned,sub-376,3,1,0.9995896220207214,1
right_TLE_sub-377_hippocampus_rh_aligned,sub-377,7,1,0.637795627117157,1
right_TLE_sub-380_hippocampus_rh_aligned,sub-380,4,1,0.9594817757606506,1
right_TLE_sub-382_hippocampus_rh_aligned,sub-382,8,1,0.994122326374054,1
right_TLE_sub-385_hippocampus_rh_aligned,sub-385,4,1,0.9914860129356384,1
right_TLE_sub-399_hippocampus_rh_aligned,sub-399,10,1,0.9784919023513794,1
right_TLE_sub-400_hippocampus_rh_aligned,sub-400,9,1,0.0006392882787622511,0
right_TLE_sub-402_hippocampus_rh_aligned,sub-402,3,1,0.0016738486010581255,0
right_TLE_sub-40_hippocampus_rh_aligned,sub-40,1,1,0.999943733215332,1
right_TLE_sub-413_hippocampus_rh_aligned,sub-413,5,1,0.9999686479568481,1
right_TLE_sub-417_hippocampus_rh_aligned,sub-417,5,1,0.9757492542266846,1
right_TLE_sub-41_hippocampus_rh_aligned,sub-41,5,1,0.03108857199549675,0
right_TLE_sub-427_hippocampus_rh_aligned,sub-427,7,1,0.9926466941833496,1
right_TLE_sub-437_hippocampus_rh_aligned,sub-437,10,1,0.0034285138826817274,0
right_TLE_sub-442_hippocampus_rh_aligned,sub-442,9,1,0.9997349381446838,1
right_TLE_sub-447_hippocampus_rh_aligned,sub-447,9,1,0.9575368762016296,1
right_TLE_sub-455_hippocampus_rh_aligned,sub-455,3,1,0.9978020787239075,1
right_TLE_sub-57_hippocampus_rh_aligned,sub-57,5,1,0.9957194924354553,1
right_TLE_sub-61_hippocampus_rh_aligned,sub-61,10,1,0.9983250498771667,1
right_TLE_sub-64_hippocampus_rh_aligned,sub-64,3,1,0.15198220312595367,0
right_TLE_sub-70_hippocampus_rh_aligned,sub-70,9,1,0.999836802482605,1
right_TLE_sub-76_hippocampus_rh_aligned,sub-76,8,1,0.011336123570799828,0
right_TLE_sub-7_hippocampus_rh_aligned,sub-7,1,1,0.9999994039535522,1
right_TLE_sub-94_hippocampus_rh_aligned,sub-94,10,1,0.06742218881845474,0
right_TLE_sub-95_hippocampus_rh_aligned,sub-95,2,1,0.989798903465271,1
right_TLE_sub-97_hippocampus_rh_aligned,sub-97,2,1,0.9983963370323181,1
