fold,accuracy,balanced_accuracy,sensitivity,specificity,f1_macro,roc_auc
1,0.7333333333333333,0.7,0.6,0.8,0.7,0.7500000000000001
2,0.6333333333333333,0.625,0.6,0.65,0.6122209165687427,0.71
3,0.6666666666666666,0.7177033492822966,0.9090909090909091,0.5263157894736842,0.6666666666666666,0.8421052631578947
4,0.7333333333333333,0.6555023923444976,0.36363636363636365,0.9473684210526315,0.6590909090909092,0.5598086124401913
5,0.6333333333333333,0.6722488038277512,0.8181818181818182,0.5263157894736842,0.6329254727474972,0.7990430622009569
6,0.8333333333333334,0.8301435406698565,0.8181818181818182,0.8421052631578947,0.8237367802585194,0.8660287081339714
7,0.7333333333333333,0.69377990430622,0.5454545454545454,0.8421052631578947,0.7,0.799043062200957
8,0.4666666666666667,0.5598086124401913,0.9090909090909091,0.21052631578947367,0.4444444444444444,0.7966507177033493
9,0.7333333333333333,0.6363636363636364,0.2727272727272727,1.0,0.6273291925465838,0.8421052631578948
10,0.6333333333333333,0.6722488038277512,0.8181818181818182,0.5263157894736842,0.6329254727474972,0.6794258373205742
