PairID,Class,ParentSubject1,ParentSubject2,Method,Children,PLSScoreDistance
augment_plsda_balanced_class0_pair0000,0,left_Healthy_sub-4033_hippocampus_lh_aligned,left_Healthy_sub-4057_hippocampus_lh_aligned,augment_plsda_balanced,8,2.7621222877060814
augment_plsda_balanced_class0_pair0001,0,left_Healthy_sub-04216_hippocampus_lh_aligned,left_Healthy_sub-4095_hippocampus_lh_aligned,augment_plsda_balanced,8,5.362407665361466
augment_plsda_balanced_class0_pair0002,0,left_Healthy_sub-95_hippocampus_lh_aligned,left_Healthy_sub-4003_hippocampus_lh_aligned,augment_plsda_balanced,8,3.486206827710252
augment_plsda_balanced_class0_pair0003,0,left_Healthy_sub-4085_hippocampus_lh_aligned,left_Healthy_sub-4093_hippocampus_lh_aligned,augment_plsda_balanced,8,4.6379818207653125
augment_plsda_balanced_class0_pair0004,0,left_Healthy_sub-269_hippocampus_lh_aligned,left_Healthy_sub-238_hippocampus_lh_aligned,augment_plsda_balanced,8,4.157441740903403
augment_plsda_balanced_class0_pair0005,0,left_Healthy_sub-301_hippocampus_lh_aligned,left_Healthy_sub-325_hippocampus_lh_aligned,augment_plsda_balanced,8,5.402179847413502
augment_plsda_balanced_class0_pair0006,0,left_Healthy_sub-4011_hippocampus_lh_aligned,left_Healthy_sub-346_hippocampus_lh_aligned,augment_plsda_balanced,8,4.7682895368849945
augment_plsda_balanced_class0_pair0007,0,left_Healthy_sub-36387_hippocampus_lh_aligned,left_Healthy_sub-144_hippocampus_lh_aligned,augment_plsda_balanced,8,6.793425802619988
augment_plsda_balanced_class0_pair0008,0,left_Healthy_sub-175_hippocampus_lh_aligned,left_Healthy_sub-247_hippocampus_lh_aligned,augment_plsda_balanced,8,4.1371312106300016
augment_plsda_balanced_class0_pair0009,0,left_Healthy_sub-4087_hippocampus_lh_aligned,left_Healthy_sub-442_hippocampus_lh_aligned,augment_plsda_balanced,8,3.248248530867185
augment_plsda_balanced_class0_pair0010,0,left_Healthy_sub-4090_hippocampus_lh_aligned,left_Healthy_sub-4078_hippocampus_lh_aligned,augment_plsda_balanced,8,4.525535230880422
augment_plsda_balanced_class0_pair0011,0,left_Healthy_sub-4044_hippocampus_lh_aligned,left_Healthy_sub-4091_hippocampus_lh_aligned,augment_plsda_balanced,8,3.1474898999289858
augment_plsda_balanced_class0_pair0012,0,left_Healthy_sub-4079_hippocampus_lh_aligned,left_Healthy_sub-380_hippocampus_lh_aligned,augment_plsda_balanced,8,4.9698976497459455
augment_plsda_balanced_class0_pair0013,0,left_Healthy_sub-332_hippocampus_lh_aligned,left_Healthy_sub-377_hippocampus_lh_aligned,augment_plsda_balanced,8,3.039015643323493
augment_plsda_balanced_class0_pair0014,0,left_Healthy_sub-101_hippocampus_lh_aligned,left_Healthy_sub-382_hippocampus_lh_aligned,augment_plsda_balanced,8,4.914547336275393
augment_plsda_balanced_class0_pair0015,0,left_Healthy_sub-4061_hippocampus_lh_aligned,left_Healthy_sub-11_hippocampus_lh_aligned,augment_plsda_balanced,8,5.0069511500388035
augment_plsda_balanced_class0_pair0016,0,left_Healthy_sub-4064_hippocampus_lh_aligned,left_Healthy_sub-61_hippocampus_lh_aligned,augment_plsda_balanced,8,4.06767306398599
augment_plsda_balanced_class0_pair0017,0,left_Healthy_sub-37130_hippocampus_lh_aligned,left_Healthy_sub-4086_hippocampus_lh_aligned,augment_plsda_balanced,8,5.659065044603662
augment_plsda_balanced_class0_pair0018,0,left_Healthy_sub-4056_hippocampus_lh_aligned,left_Healthy_sub-4081_hippocampus_lh_aligned,augment_plsda_balanced,8,4.062057998775366
augment_plsda_balanced_class0_pair0019,0,left_Healthy_sub-155_hippocampus_lh_aligned,left_Healthy_sub-4077_hippocampus_lh_aligned,augment_plsda_balanced,8,3.619103622262076
augment_plsda_balanced_class0_pair0020,0,left_Healthy_sub-04027_hippocampus_lh_aligned,left_Healthy_sub-32310_hippocampus_lh_aligned,augment_plsda_balanced,8,4.440797291579478
augment_plsda_balanced_class0_pair0021,0,left_Healthy_sub-4020_hippocampus_lh_aligned,left_Healthy_sub-115_hippocampus_lh_aligned,augment_plsda_balanced,8,3.755379004946529
augment_plsda_balanced_class0_pair0022,0,left_Healthy_sub-374_hippocampus_lh_aligned,left_Healthy_sub-4048_hippocampus_lh_aligned,augment_plsda_balanced,8,8.026308521754093
augment_plsda_balanced_class0_pair0023,0,left_Healthy_sub-76_hippocampus_lh_aligned,left_Healthy_sub-04169_hippocampus_lh_aligned,augment_plsda_balanced,8,4.830707947256167
augment_plsda_balanced_class0_pair0024,0,left_Healthy_sub-04170_hippocampus_lh_aligned,left_Healthy_sub-317_hippocampus_lh_aligned,augment_plsda_balanced,8,3.056949491956298
augment_plsda_balanced_class0_pair0025,0,left_Healthy_sub-4037_hippocampus_lh_aligned,left_Healthy_sub-4100_hippocampus_lh_aligned,augment_plsda_balanced,8,4.692946417766989
augment_plsda_balanced_class0_pair0026,0,left_Healthy_sub-35232_hippocampus_lh_aligned,left_Healthy_sub-4046_hippocampus_lh_aligned,augment_plsda_balanced,8,2.173513877246833
augment_plsda_balanced_class0_pair0027,0,left_Healthy_sub-04178_hippocampus_lh_aligned,left_Healthy_sub-32436_hippocampus_lh_aligned,augment_plsda_balanced,8,6.016984046218734
augment_plsda_balanced_class0_pair0028,0,left_Healthy_sub-105_hippocampus_lh_aligned,left_Healthy_sub-4039_hippocampus_lh_aligned,augment_plsda_balanced,8,3.0266842983085525
augment_plsda_balanced_class0_pair0029,0,left_Healthy_sub-4034_hippocampus_lh_aligned,left_Healthy_sub-330_hippocampus_lh_aligned,augment_plsda_balanced,8,4.971840826935066
augment_plsda_balanced_class0_pair0030,0,left_Healthy_sub-04245_hippocampus_lh_aligned,left_Healthy_sub-4027_hippocampus_lh_aligned,augment_plsda_balanced,8,3.7115465256305584
augment_plsda_balanced_class0_pair0031,0,left_Healthy_sub-207_hippocampus_lh_aligned,left_Healthy_sub-153_hippocampus_lh_aligned,augment_plsda_balanced,8,2.7711069980809664
augment_plsda_balanced_class0_pair0032,0,left_Healthy_sub-300_hippocampus_lh_aligned,left_Healthy_sub-4076_hippocampus_lh_aligned,augment_plsda_balanced,8,3.8641774338808808
augment_plsda_balanced_class0_pair0033,0,left_Healthy_sub-340_hippocampus_lh_aligned,left_Healthy_sub-203_hippocampus_lh_aligned,augment_plsda_balanced,8,5.420151780088904
augment_plsda_balanced_class0_pair0034,0,left_Healthy_sub-362_hippocampus_lh_aligned,left_Healthy_sub-417_hippocampus_lh_aligned,augment_plsda_balanced,8,4.157335447282711
augment_plsda_balanced_class0_pair0035,0,left_Healthy_sub-4098_hippocampus_lh_aligned,left_Healthy_sub-447_hippocampus_lh_aligned,augment_plsda_balanced,8,3.815203022173691
augment_plsda_balanced_class0_pair0036,0,left_Healthy_sub-305_hippocampus_lh_aligned,left_Healthy_sub-4004_hippocampus_lh_aligned,augment_plsda_balanced,8,4.202785430583293
augment_plsda_balanced_class0_pair0037,0,left_Healthy_sub-2_hippocampus_lh_aligned,left_Healthy_sub-94_hippocampus_lh_aligned,augment_plsda_balanced,8,6.479964393320958
augment_plsda_balanced_class0_pair0038,0,left_Healthy_sub-4063_hippocampus_lh_aligned,left_Healthy_sub-4012_hippocampus_lh_aligned,augment_plsda_balanced,8,3.4608559619100907
augment_plsda_balanced_class0_pair0039,0,left_Healthy_sub-4058_hippocampus_lh_aligned,left_Healthy_sub-4051_hippocampus_lh_aligned,augment_plsda_balanced,8,6.222990461080784
augment_plsda_balanced_class0_pair0040,0,left_Healthy_sub-04164_hippocampus_lh_aligned,left_Healthy_sub-4049_hippocampus_lh_aligned,augment_plsda_balanced,8,4.516629282994595
augment_plsda_balanced_class0_pair0041,0,left_Healthy_sub-04221_hippocampus_lh_aligned,left_Healthy_sub-376_hippocampus_lh_aligned,augment_plsda_balanced,8,4.019059792132948
augment_plsda_balanced_class0_pair0042,0,left_Healthy_sub-4024_hippocampus_lh_aligned,left_Healthy_sub-4052_hippocampus_lh_aligned,augment_plsda_balanced,8,6.454105430858512
augment_plsda_balanced_class0_pair0043,0,left_Healthy_sub-4030_hippocampus_lh_aligned,left_Healthy_sub-237_hippocampus_lh_aligned,augment_plsda_balanced,8,5.254982044377168
augment_plsda_balanced_class0_pair0044,0,left_Healthy_sub-4014_hippocampus_lh_aligned,left_Healthy_sub-126_hippocampus_lh_aligned,augment_plsda_balanced,8,6.120466615573589
augment_plsda_balanced_class0_pair0045,0,left_Healthy_sub-4042_hippocampus_lh_aligned,left_Healthy_sub-00373_hippocampus_lh_aligned,augment_plsda_balanced,8,2.871805406886465
augment_plsda_balanced_class0_pair0046,0,left_Healthy_sub-04166_hippocampus_lh_aligned,left_Healthy_sub-4007_hippocampus_lh_aligned,augment_plsda_balanced,8,4.780830545513584
augment_plsda_balanced_class0_pair0047,0,left_Healthy_sub-4031_hippocampus_lh_aligned,left_Healthy_sub-32231_hippocampus_lh_aligned,augment_plsda_balanced,8,5.5380998338943845
augment_plsda_balanced_class0_pair0048,0,left_Healthy_sub-4025_hippocampus_lh_aligned,left_Healthy_sub-4010_hippocampus_lh_aligned,augment_plsda_balanced,8,5.506365470355779
augment_plsda_balanced_class0_pair0049,0,left_Healthy_sub-344_hippocampus_lh_aligned,left_Healthy_sub-57_hippocampus_lh_aligned,augment_plsda_balanced,8,3.8582458557182977
augment_plsda_balanced_class0_pair0050,0,left_Healthy_sub-04202_hippocampus_lh_aligned,left_Healthy_sub-4053_hippocampus_lh_aligned,augment_plsda_balanced,8,5.283407899718455
augment_plsda_balanced_class0_pair0051,0,left_Healthy_sub-04005_hippocampus_lh_aligned,left_Healthy_sub-4001_hippocampus_lh_aligned,augment_plsda_balanced,8,4.299142627394498
augment_plsda_balanced_class0_pair0052,0,left_Healthy_sub-437_hippocampus_lh_aligned,left_Healthy_sub-37149_hippocampus_lh_aligned,augment_plsda_balanced,8,4.329807612501027
augment_plsda_balanced_class0_pair0053,0,left_Healthy_sub-4082_hippocampus_lh_aligned,left_Healthy_sub-219_hippocampus_lh_aligned,augment_plsda_balanced,8,5.377941948767769
augment_plsda_balanced_class0_pair0054,0,left_Healthy_sub-4084_hippocampus_lh_aligned,left_Healthy_sub-4060_hippocampus_lh_aligned,augment_plsda_balanced,8,4.598719706137573
augment_plsda_balanced_class0_pair0055,0,left_Healthy_sub-4092_hippocampus_lh_aligned,left_Healthy_sub-427_hippocampus_lh_aligned,augment_plsda_balanced,8,4.994388467085474
augment_plsda_balanced_class0_pair0056,0,left_Healthy_sub-296_hippocampus_lh_aligned,left_Healthy_sub-4083_hippocampus_lh_aligned,augment_plsda_balanced,8,5.794608486027232
augment_plsda_balanced_class0_pair0057,0,left_Healthy_sub-4045_hippocampus_lh_aligned,left_Healthy_sub-04211_hippocampus_lh_aligned,augment_plsda_balanced,8,4.840185296913901
augment_plsda_balanced_class0_pair0058,0,left_Healthy_sub-04217_hippocampus_lh_aligned,left_Healthy_sub-455_hippocampus_lh_aligned,augment_plsda_balanced,8,5.227785892186589
augment_plsda_balanced_class0_pair0059,0,left_Healthy_sub-161_hippocampus_lh_aligned,left_Healthy_sub-4026_hippocampus_lh_aligned,augment_plsda_balanced,8,10.285283443881232
augment_plsda_balanced_class0_pair0060,0,left_Healthy_sub-4067_hippocampus_lh_aligned,left_Healthy_sub-4013_hippocampus_lh_aligned,augment_plsda_balanced,8,5.780938329976853
augment_plsda_balanced_class0_pair0061,0,left_Healthy_sub-04215_hippocampus_lh_aligned,left_Healthy_sub-4055_hippocampus_lh_aligned,augment_plsda_balanced,8,7.300208102097339
augment_plsda_balanced_class0_pair0062,0,left_Healthy_sub-34437_hippocampus_lh_aligned,left_Healthy_sub-29332_hippocampus_lh_aligned,augment_plsda_balanced,8,7.892720592718477
augment_plsda_balanced_class0_pair0063,0,left_Healthy_sub-97_hippocampus_lh_aligned,left_Healthy_sub-334_hippocampus_lh_aligned,augment_plsda_balanced,8,7.278101184744949
augment_plsda_balanced_class0_pair0064,0,left_Healthy_sub-40_hippocampus_lh_aligned,left_Healthy_sub-4054_hippocampus_lh_aligned,augment_plsda_balanced,8,6.897711465991983
augment_plsda_balanced_class0_pair0065,0,left_Healthy_sub-402_hippocampus_lh_aligned,left_Healthy_sub-64_hippocampus_lh_aligned,augment_plsda_balanced,8,10.439397095010252
augment_plsda_balanced_class0_pair0066,0,left_Healthy_sub-31730_hippocampus_lh_aligned,left_Healthy_sub-255_hippocampus_lh_aligned,augment_plsda_balanced,8,15.604230936613892
augment_plsda_balanced_class0_pair0067,0,left_Healthy_sub-246_hippocampus_lh_aligned,left_Healthy_sub-04015_hippocampus_lh_aligned,augment_plsda_balanced,8,10.645540016937062
augment_plsda_balanced_class0_pair0068,0,left_Healthy_sub-4028_hippocampus_lh_aligned,left_Healthy_sub-7_hippocampus_lh_aligned,augment_plsda_balanced,8,9.109517050372153
augment_plsda_balanced_class1_pair0000,1,left_TLE_sub-78_hippocampus_lh_aligned,left_TLE_sub-174_hippocampus_lh_aligned,augment_plsda_balanced,16,2.6388501208022106
augment_plsda_balanced_class1_pair0001,1,left_TLE_sub-421_hippocampus_lh_aligned,left_TLE_sub-32159_hippocampus_lh_aligned,augment_plsda_balanced,16,13.851683519737493
augment_plsda_balanced_class1_pair0002,1,left_TLE_sub-364_hippocampus_lh_aligned,left_TLE_sub-220_hippocampus_lh_aligned,augment_plsda_balanced,16,3.443243088843701
augment_plsda_balanced_class1_pair0003,1,left_TLE_sub-120_hippocampus_lh_aligned,left_TLE_sub-372_hippocampus_lh_aligned,augment_plsda_balanced,16,4.0352949626814425
augment_plsda_balanced_class1_pair0004,1,left_TLE_sub-336_hippocampus_lh_aligned,left_TLE_sub-23_hippocampus_lh_aligned,augment_plsda_balanced,16,5.696806994727783
augment_plsda_balanced_class1_pair0005,1,left_TLE_sub-5_hippocampus_lh_aligned,left_TLE_sub-433_hippocampus_lh_aligned,augment_plsda_balanced,16,3.755189070681043
augment_plsda_balanced_class1_pair0006,1,left_TLE_sub-165_hippocampus_lh_aligned,left_TLE_sub-426_hippocampus_lh_aligned,augment_plsda_balanced,16,4.380220342576078
augment_plsda_balanced_class1_pair0007,1,left_TLE_sub-235_hippocampus_lh_aligned,left_TLE_sub-87_hippocampus_lh_aligned,augment_plsda_balanced,16,4.822602151746198
augment_plsda_balanced_class1_pair0008,1,left_TLE_sub-446_hippocampus_lh_aligned,left_TLE_sub-444_hippocampus_lh_aligned,augment_plsda_balanced,16,4.6068740471003045
augment_plsda_balanced_class1_pair0009,1,left_TLE_sub-36737_hippocampus_lh_aligned,left_TLE_sub-218_hippocampus_lh_aligned,augment_plsda_balanced,16,6.2516381893478075
augment_plsda_balanced_class1_pair0010,1,left_TLE_sub-236_hippocampus_lh_aligned,left_TLE_sub-387_hippocampus_lh_aligned,augment_plsda_balanced,16,5.173002207215667
augment_plsda_balanced_class1_pair0011,1,left_TLE_sub-348_hippocampus_lh_aligned,left_TLE_sub-67_hippocampus_lh_aligned,augment_plsda_balanced,16,5.653269046075889
augment_plsda_balanced_class1_pair0012,1,left_TLE_sub-420_hippocampus_lh_aligned,left_TLE_sub-215_hippocampus_lh_aligned,augment_plsda_balanced,16,5.2551437576785585
augment_plsda_balanced_class1_pair0013,1,left_TLE_sub-290_hippocampus_lh_aligned,left_TLE_sub-26896_hippocampus_lh_aligned,augment_plsda_balanced,16,4.386266728659483
augment_plsda_balanced_class1_pair0014,1,left_TLE_sub-264_hippocampus_lh_aligned,left_TLE_sub-27_hippocampus_lh_aligned,augment_plsda_balanced,16,4.032351639095198
augment_plsda_balanced_class1_pair0015,1,left_TLE_sub-265_hippocampus_lh_aligned,left_TLE_sub-68_hippocampus_lh_aligned,augment_plsda_balanced,16,5.2536026518024785
augment_plsda_balanced_class1_pair0016,1,left_TLE_sub-240_hippocampus_lh_aligned,left_TLE_sub-217_hippocampus_lh_aligned,augment_plsda_balanced,16,6.165182579825755
augment_plsda_balanced_class1_pair0017,1,left_TLE_sub-29096_hippocampus_lh_aligned,left_TLE_sub-29073_hippocampus_lh_aligned,augment_plsda_balanced,16,8.961658773505372
augment_plsda_balanced_class1_pair0018,1,left_TLE_sub-176_hippocampus_lh_aligned,left_TLE_sub-302_hippocampus_lh_aligned,augment_plsda_balanced,16,6.127302016321575
augment_plsda_balanced_class1_pair0019,1,left_TLE_sub-263_hippocampus_lh_aligned,left_TLE_sub-389_hippocampus_lh_aligned,augment_plsda_balanced,16,5.473741513722568
augment_plsda_balanced_class1_pair0020,1,left_TLE_sub-353_hippocampus_lh_aligned,left_TLE_sub-27934_hippocampus_lh_aligned,augment_plsda_balanced,16,10.847023214995938
augment_plsda_balanced_class1_pair0021,1,left_TLE_sub-196_hippocampus_lh_aligned,left_TLE_sub-33_hippocampus_lh_aligned,augment_plsda_balanced,16,6.8290509222197455
augment_plsda_balanced_class1_pair0022,1,left_TLE_sub-167_hippocampus_lh_aligned,left_TLE_sub-227_hippocampus_lh_aligned,augment_plsda_balanced,16,4.289634580420572
augment_plsda_balanced_class1_pair0023,1,left_TLE_sub-379_hippocampus_lh_aligned,left_TLE_sub-461_hippocampus_lh_aligned,augment_plsda_balanced,16,6.544403663660414
augment_plsda_balanced_class1_pair0024,1,left_TLE_sub-34359_hippocampus_lh_aligned,left_TLE_sub-208_hippocampus_lh_aligned,augment_plsda_balanced,16,3.5677167776362486
augment_plsda_balanced_class1_pair0025,1,left_TLE_sub-452_hippocampus_lh_aligned,left_TLE_sub-266_hippocampus_lh_aligned,augment_plsda_balanced,16,5.399946723057412
augment_plsda_balanced_class1_pair0026,1,left_TLE_sub-34273_hippocampus_lh_aligned,left_TLE_sub-316_hippocampus_lh_aligned,augment_plsda_balanced,16,4.605159654093905
augment_plsda_balanced_class1_pair0027,1,left_TLE_sub-251_hippocampus_lh_aligned,left_TLE_sub-445_hippocampus_lh_aligned,augment_plsda_balanced,15,5.717639458727722
augment_plsda_balanced_class1_pair0028,1,left_TLE_sub-450_hippocampus_lh_aligned,left_TLE_sub-27872_hippocampus_lh_aligned,augment_plsda_balanced,15,7.459949143275009
augment_plsda_balanced_class1_pair0029,1,left_TLE_sub-90_hippocampus_lh_aligned,left_TLE_sub-259_hippocampus_lh_aligned,augment_plsda_balanced,15,7.320274686889608
augment_plsda_balanced_class1_pair0030,1,left_TLE_sub-267_hippocampus_lh_aligned,left_TLE_sub-375_hippocampus_lh_aligned,augment_plsda_balanced,15,5.889711800837806
augment_plsda_balanced_class1_pair0031,1,left_TLE_sub-35272_hippocampus_lh_aligned,left_TLE_sub-358_hippocampus_lh_aligned,augment_plsda_balanced,15,8.630567348848032
augment_plsda_balanced_class1_pair0032,1,left_TLE_sub-149_hippocampus_lh_aligned,left_TLE_sub-191_hippocampus_lh_aligned,augment_plsda_balanced,15,11.326405805100862
augment_plsda_balanced_class1_pair0033,1,left_TLE_sub-74_hippocampus_lh_aligned,left_TLE_sub-408_hippocampus_lh_aligned,augment_plsda_balanced,15,10.40463131485451
augment_plsda_balanced_class1_pair0034,1,left_TLE_sub-351_hippocampus_lh_aligned,left_TLE_sub-39_hippocampus_lh_aligned,augment_plsda_balanced,15,6.581869673639557
augment_plsda_balanced_class1_pair0035,1,left_TLE_sub-56_hippocampus_lh_aligned,left_TLE_sub-118_hippocampus_lh_aligned,augment_plsda_balanced,15,6.004257992391274
augment_plsda_balanced_class1_pair0036,1,left_TLE_sub-32907_hippocampus_lh_aligned,left_TLE_sub-162_hippocampus_lh_aligned,augment_plsda_balanced,15,7.71982342313609
augment_plsda_balanced_class1_pair0037,1,left_TLE_sub-125_hippocampus_lh_aligned,left_TLE_sub-347_hippocampus_lh_aligned,augment_plsda_balanced,15,13.35079626880902
augment_plsda_balanced_class1_pair0038,1,left_TLE_sub-416_hippocampus_lh_aligned,left_TLE_sub-401_hippocampus_lh_aligned,augment_plsda_balanced,15,16.610076208521868
