threshold,correct,rows,accuracy,balanced_accuracy,sensitivity,specificity,f1_macro,TP,TN,FP,FN,selected
0,108,300,0.35999999999999999,0.5,1,0,0.26470588235294118,108,0,192,0,False
5.9262458762532333e-07,108,300,0.35999999999999999,0.5,1,0,0.26470588235294118,108,0,192,0,False
2.1566686427831883e-06,109,300,0.36333333333333334,0.50260416666666663,1,0.005208333333333333,0.27053761250652442,108,1,191,0,False
2.178747081416077e-06,110,300,0.36666666666666664,0.50520833333333337,1,0.010416666666666666,0.27631913056726426,108,2,190,0,False
2.8359345378703438e-06,109,300,0.36333333333333334,0.50057870370370372,0.9907407407407407,0.010416666666666666,0.27445394112060778,107,2,190,1,False
5.3676467359764501e-06,110,300,0.36666666666666664,0.50318287037037035,0.9907407407407407,0.015625,0.28015760759749447,107,3,189,1,False
5.7226679928135127e-06,111,300,0.37,0.50578703703703698,0.9907407407407407,0.020833333333333332,0.28581325339144237,107,4,188,1,False
6.7093001234752592e-06,112,300,0.37333333333333335,0.50839120370370372,0.9907407407407407,0.026041666666666668,0.29142167948138098,107,5,187,1,False
1.1047495718230493e-05,113,300,0.37666666666666665,0.51099537037037035,0.9907407407407407,0.03125,0.29698367147457988,107,6,186,1,False
1.196756238641683e-05,114,300,0.38,0.51359953703703698,0.9907407407407407,0.036458333333333336,0.30249999999999999,107,7,185,1,False
1.5424478988279589e-05,113,300,0.37666666666666665,0.50896990740740744,0.98148148148148151,0.036458333333333336,0.30049003104776867,106,7,185,2,False
1.5704488760093227e-05,114,300,0.38,0.51157407407407407,0.98148148148148151,0.041666666666666664,0.30593561868749686,106,8,184,2,False
1.6942874935921282e-05,115,300,0.38333333333333336,0.5141782407407407,0.98148148148148151,0.046875,0.31133749426114576,106,9,183,2,False
1.7050435417331755e-05,116,300,0.38666666666666666,0.51678240740740744,0.98148148148148151,0.052083333333333336,0.31669637551990493,106,10,182,2,False
1.7585911336936988e-05,117,300,0.39000000000000001,0.51938657407407407,0.98148148148148151,0.057291666666666664,0.32201296696511267,106,11,181,2,False
1.79500893864315e-05,118,300,0.39333333333333331,0.5219907407407407,0.98148148148148151,0.0625,0.32728796017938988,106,12,180,2,False
2.0401748770382255e-05,119,300,0.39666666666666667,0.52459490740740744,0.98148148148148151,0.067708333333333329,0.33252203414832027,106,13,179,2,False
2.063365354842972e-05,120,300,0.40000000000000002,0.52719907407407407,0.98148148148148151,0.072916666666666671,0.33771585557299844,106,14,178,2,False
2.1927649868302979e-05,121,300,0.40333333333333332,0.5298032407407407,0.98148148148148151,0.078125,0.34287007917375395,106,15,177,2,False
2.2291606001090258e-05,122,300,0.40666666666666668,0.53240740740740744,0.98148148148148151,0.083333333333333329,0.34798534798534797,106,16,176,2,False
2.2583230020245537e-05,123,300,0.40999999999999998,0.53501157407407407,0.98148148148148151,0.088541666666666671,0.35306229364392838,106,17,175,2,False
2.4951235900516622e-05,122,300,0.40666666666666668,0.53038194444444442,0.97222222222222221,0.088541666666666671,0.35080723594631391,105,17,175,3,False
2.5287246899097227e-05,123,300,0.40999999999999998,0.53298611111111116,0.97222222222222221,0.09375,0.35582487171088545,105,18,174,3,False
2.6044563128380105e-05,124,300,0.41333333333333333,0.53559027777777779,0.97222222222222221,0.098958333333333329,0.36080577211757303,105,19,173,3,False
2.8499807740445249e-05,125,300,0.41666666666666669,0.53819444444444442,0.97222222222222221,0.10416666666666667,0.36575052854122619,105,20,172,3,False
3.261111123720184e-05,126,300,0.41999999999999998,0.54079861111111116,0.97222222222222221,0.109375,0.37065972222222221,105,21,171,3,False
3.9601676689926535e-05,125,300,0.41666666666666669,0.5361689814814814,0.96296296296296291,0.109375,0.36831466352227749,104,21,171,4,False
4.197661837679334e-05,126,300,0.41999999999999998,0.53877314814814814,0.96296296296296291,0.11458333333333333,0.37316874009318413,104,22,170,4,False
4.8530779167776927e-05,127,300,0.42333333333333334,0.54137731481481477,0.96296296296296291,0.11979166666666667,0.37798871031532016,104,23,169,4,False
5.0756352720782161e-05,128,300,0.42666666666666669,0.5439814814814814,0.96296296296296291,0.125,0.38277511961722488,104,24,168,4,False
5.0794173148460686e-05,129,300,0.42999999999999999,0.54658564814814814,0.96296296296296291,0.13020833333333334,0.38752850439952718,104,25,167,4,False
5.4158899729372934e-05,130,300,0.43333333333333335,0.54918981481481477,0.96296296296296291,0.13541666666666666,0.39224939224939226,104,26,166,4,False
6.3008119468577206e-05,131,300,0.43666666666666665,0.5517939814814814,0.96296296296296291,0.140625,0.39693830214937376,104,27,165,4,False
6.411586218746379e-05,132,300,0.44,0.55439814814814814,0.96296296296296291,0.14583333333333334,0.40159574468085107,104,28,164,4,False
6.5236548834946007e-05,133,300,0.44333333333333336,0.55700231481481477,0.96296296296296291,0.15104166666666666,0.40622222222222221,104,29,163,4,False
6.536308501381427e-05,134,300,0.44666666666666666,0.5596064814814814,0.96296296296296291,0.15625,0.41081822914201882,104,30,162,4,False
6.6965367295779288e-05,135,300,0.45000000000000001,0.56221064814814814,0.96296296296296291,0.16145833333333334,0.41538425198710305,104,31,161,4,False
6.7341650719754398e-05,134,300,0.44666666666666666,0.55758101851851849,0.95370370370370372,0.16145833333333334,0.41284663271080924,103,31,161,5,False
6.8460656621027738e-05,135,300,0.45000000000000001,0.56018518518518523,0.95370370370370372,0.16666666666666666,0.41736602361138903,103,32,160,5,False
6.8538261984940618e-05,136,300,0.45333333333333331,0.56278935185185186,0.95370370370370372,0.171875,0.42185663924794359,103,33,159,5,False
7.5957250373903662e-05,137,300,0.45666666666666667,0.56539351851851849,0.95370370370370372,0.17708333333333334,0.4263189385140605,103,34,158,5,False
7.766279304632917e-05,138,300,0.46000000000000002,0.56799768518518523,0.95370370370370372,0.18229166666666666,0.43075337331334335,103,35,157,5,False
8.3355065726209432e-05,139,300,0.46333333333333332,0.57060185185185186,0.95370370370370372,0.1875,0.43516038872191881,103,36,156,5,False
8.3614839240908623e-05,140,300,0.46666666666666667,0.57320601851851849,0.95370370370370372,0.19270833333333334,0.4395404231469805,103,37,155,5,False
8.5078427218832076e-05,141,300,0.46999999999999997,0.57581018518518523,0.95370370370370372,0.19791666666666666,0.44389390848149229,103,38,154,5,False
8.7333028204739094e-05,140,300,0.46666666666666667,0.57118055555555558,0.94444444444444442,0.19791666666666666,0.44123672937232261,102,38,154,6,False
8.8178378064185381e-05,141,300,0.46999999999999997,0.57378472222222221,0.94444444444444442,0.203125,0.44554869756250653,102,39,153,6,False
9.3960152298677713e-05,142,300,0.47333333333333333,0.57638888888888884,0.94444444444444442,0.20833333333333334,0.44983518269186129,102,40,152,6,False
9.600679186405614e-05,141,300,0.46999999999999997,0.5717592592592593,0.93518518518518523,0.20833333333333334,0.44714241008820221,101,40,152,7,False
9.6558862423989922e-05,142,300,0.47333333333333333,0.57436342592592593,0.93518518518518523,0.21354166666666666,0.4513888888888889,101,41,151,7,False
9.9180630058981478e-05,143,300,0.47666666666666668,0.57696759259259256,0.93518518518518523,0.21875,0.45561090627492229,101,42,150,7,False
9.9411474366206676e-05,144,300,0.47999999999999998,0.5795717592592593,0.93518518518518523,0.22395833333333334,0.45980885544115613,101,43,149,7,False
0.0001075611580745317,145,300,0.48333333333333334,0.58217592592592593,0.93518518518518523,0.22916666666666666,0.46398312411384307,101,44,148,7,False
0.00010884189396165311,146,300,0.48666666666666669,0.58478009259259256,0.93518518518518523,0.234375,0.46813409467673606,101,45,147,7,False
0.0001092932652682066,147,300,0.48999999999999999,0.5873842592592593,0.93518518518518523,0.23958333333333334,0.47226214429433744,101,46,146,7,False
0.00010961159568978474,148,300,0.49333333333333335,0.58998842592592593,0.93518518518518523,0.24479166666666666,0.47636764503238249,101,47,145,7,False
0.00011030162568204105,149,300,0.49666666666666665,0.59259259259259256,0.93518518518518523,0.25,0.48045096397563969,101,48,144,7,False
0.00011137321416754276,148,300,0.49333333333333335,0.58796296296296302,0.92592592592592593,0.25,0.4776392961876833,100,48,144,8,False
0.00011193868704140186,147,300,0.48999999999999999,0.58333333333333326,0.91666666666666663,0.25,0.47482236638863146,99,48,144,9,False
0.000116539558803197,148,300,0.49333333333333335,0.5859375,0.91666666666666663,0.25520833333333331,0.47885714285714287,99,49,143,9,False
0.00012847788457293063,149,300,0.49666666666666665,0.58854166666666663,0.91666666666666663,0.26041666666666669,0.48287080902750029,99,50,142,9,False
0.00014534512592945248,148,300,0.49333333333333335,0.58391203703703709,0.90740740740740744,0.26041666666666669,0.48002189381499727,98,50,142,10,False
0.00015380888362415135,149,300,0.49666666666666665,0.58651620370370372,0.90740740740740744,0.265625,0.48400177694752311,98,51,141,10,False
0.00015440503193531185,150,300,0.5,0.58912037037037035,0.90740740740740744,0.27083333333333331,0.48796140366847207,98,52,140,10,False
0.00015506013005506247,149,300,0.49666666666666665,0.5844907407407407,0.89814814814814814,0.27083333333333331,0.48508098891730606,97,52,140,11,False
0.00015845269081182778,148,300,0.49333333333333335,0.57986111111111105,0.88888888888888884,0.27083333333333331,0.48219476744186046,96,52,140,12,False
0.00016542657976970077,149,300,0.49666666666666665,0.58246527777777779,0.88888888888888884,0.27604166666666669,0.48610906285805039,96,53,139,12,False
0.00016555991896893829,150,300,0.5,0.58506944444444442,0.88888888888888884,0.28125,0.49000407996736028,96,54,138,12,False
0.00017338998441118747,149,300,0.49666666666666665,0.58043981481481488,0.87962962962962965,0.28125,0.48708658386077741,95,54,138,13,False
0.00017913347983267158,150,300,0.5,0.58304398148148151,0.87962962962962965,0.28645833333333331,0.49095022624434392,95,55,137,13,False
0.00018026778707280755,149,300,0.49666666666666665,0.57841435185185186,0.87037037037037035,0.28645833333333331,0.48801410504187437,94,55,137,14,False
0.00018152415577787906,150,300,0.5,0.58101851851851849,0.87037037037037035,0.29166666666666669,0.49184696689100682,94,56,136,14,False
0.00018238782649859786,149,300,0.49666666666666665,0.57638888888888895,0.86111111111111116,0.29166666666666669,0.48889214834538702,93,56,136,15,False
0.00018265077960677445,148,300,0.49333333333333335,0.5717592592592593,0.85185185185185186,0.29166666666666669,0.48593073593073599,92,56,136,16,False
0.00018938251014333218,149,300,0.49666666666666665,0.57436342592592593,0.85185185185185186,0.296875,0.48972120529428331,92,57,135,16,False
0.00019872348639182746,148,300,0.49333333333333335,0.56973379629629628,0.84259259259259256,0.296875,0.48674080410607357,91,57,135,17,False
0.00021115806885063648,149,300,0.49666666666666665,0.57233796296296291,0.84259259259259256,0.30208333333333331,0.49050173769274896,91,58,134,17,False
0.00022518240439239889,150,300,0.5,0.57494212962962965,0.84259259259259256,0.30729166666666669,0.49424563927351195,91,59,133,17,False
0.00022561650257557631,151,300,0.5033333333333333,0.57754629629629628,0.84259259259259256,0.3125,0.49797279843664011,91,60,132,17,False
0.00024855547235347331,150,300,0.5,0.57291666666666674,0.83333333333333337,0.3125,0.49494949494949492,90,60,132,18,False
0.00024924630997702479,149,300,0.49666666666666665,0.56828703703703698,0.82407407407407407,0.3125,0.49191893134736819,89,60,132,19,False
0.00024956517154350877,150,300,0.5,0.57089120370370372,0.82407407407407407,0.31770833333333331,0.49560616929698709,89,61,131,19,False
0.00025971652939915657,149,300,0.49666666666666665,0.56626157407407407,0.81481481481481477,0.31770833333333331,0.49255637329031821,88,61,131,20,False
0.00026045844424515963,150,300,0.5,0.5688657407407407,0.81481481481481477,0.32291666666666669,0.49621602256952219,88,62,130,20,False
0.00026232210802845657,149,300,0.49666666666666665,0.56423611111111116,0.80555555555555558,0.32291666666666669,0.49314685314685314,87,62,130,21,False
0.00026759633328765631,150,300,0.5,0.56684027777777779,0.80555555555555558,0.328125,0.4967793880837359,87,63,129,21,False
0.00026805774541571736,151,300,0.5033333333333333,0.56944444444444442,0.80555555555555558,0.33333333333333331,0.50039677660918058,87,64,128,21,False
0.00028637534705922008,152,300,0.50666666666666671,0.57204861111111116,0.80555555555555558,0.33854166666666669,0.50399928504401448,87,65,127,21,False
0.00029157346580177546,153,300,0.51000000000000001,0.57465277777777779,0.80555555555555558,0.34375,0.50758717716812374,87,66,126,21,False
0.00029264792101457715,154,300,0.51333333333333331,0.57725694444444442,0.80555555555555558,0.34895833333333331,0.5111607142857143,87,67,125,21,False
0.00029839284252375364,155,300,0.51666666666666672,0.57986111111111116,0.80555555555555558,0.35416666666666669,0.51472015528955029,87,68,124,21,False
0.00033419256214983761,156,300,0.52000000000000002,0.58246527777777779,0.80555555555555558,0.359375,0.51826575672420716,87,69,123,21,False
0.0003462726017460227,155,300,0.51666666666666672,0.57783564814814814,0.79629629629629628,0.359375,0.51510962981128294,86,69,123,22,False
0.00035214793751947582,156,300,0.52000000000000002,0.58043981481481477,0.79629629629629628,0.36458333333333331,0.51863077197361385,86,70,122,22,False
0.00036283122608438134,157,300,0.52333333333333332,0.58304398148148151,0.79629629629629628,0.36979166666666669,0.5221386800334169,86,71,121,22,False
0.00036399689270183444,158,300,0.52666666666666662,0.58564814814814814,0.79629629629629628,0.375,0.52563360206672316,86,72,120,22,False
0.00036509786150418222,159,300,0.53000000000000003,0.58825231481481477,0.79629629629629628,0.38020833333333331,0.52911578408344562,86,73,119,22,False
0.00040222902316600084,160,300,0.53333333333333333,0.59085648148148151,0.79629629629629628,0.38541666666666669,0.53258547008547008,86,74,118,22,False
0.00040737949893809855,161,300,0.53666666666666663,0.59346064814814814,0.79629629629629628,0.390625,0.53604290212396666,86,75,117,22,False
0.00046235820627771318,160,300,0.53333333333333333,0.5888310185185186,0.78703703703703709,0.390625,0.53281423804226913,85,75,117,23,False
0.00046753103379160166,161,300,0.53666666666666663,0.59143518518518523,0.78703703703703709,0.39583333333333331,0.53624929102859242,85,76,116,23,False
0.0004798928857780993,162,300,0.54000000000000004,0.59403935185185186,0.78703703703703709,0.40104166666666669,0.53967265611101234,85,77,115,23,False
0.00051031040493398905,163,300,0.54333333333333333,0.5966435185185186,0.78703703703703709,0.40625,0.54308456826494433,85,78,114,23,False
0.00054230331443250179,164,300,0.54666666666666663,0.59924768518518523,0.78703703703703709,0.41145833333333331,0.54648526077097515,85,79,113,23,False
0.00054238009033724666,165,300,0.55000000000000004,0.60185185185185186,0.78703703703703709,0.41666666666666669,0.54987496526813007,85,80,112,23,False
0.00054437719518318772,164,300,0.54666666666666663,0.59722222222222221,0.77777777777777779,0.41666666666666669,0.54658605974395447,84,80,112,24,False
0.00056188000598922372,163,300,0.54333333333333333,0.59259259259259256,0.76851851851851849,0.41666666666666669,0.54328766209954327,83,80,112,25,False
0.00057239190209656954,164,300,0.54666666666666663,0.5951967592592593,0.76851851851851849,0.421875,0.54664651762300553,83,81,111,25,False
0.00060078228125348687,165,300,0.55000000000000004,0.59780092592592593,0.76851851851851849,0.42708333333333331,0.54999499994444379,83,82,110,25,False
0.00064359267707914114,166,300,0.55333333333333334,0.60040509259259256,0.76851851851851849,0.43229166666666669,0.55333333333333334,83,83,109,25,False
0.00066131097264587879,167,300,0.55666666666666664,0.6030092592592593,0.76851851851851849,0.4375,0.5566617406860076,83,84,108,25,False
0.00069767399691045284,166,300,0.55333333333333334,0.59837962962962965,0.7592592592592593,0.4375,0.55331348059913776,82,84,108,26,False
0.00070658227195963264,167,300,0.55666666666666664,0.60098379629629628,0.7592592592592593,0.44270833333333331,0.55662232889955665,82,85,107,26,False
0.00073727255221456289,168,300,0.56000000000000005,0.60358796296296302,0.7592592592592593,0.44791666666666669,0.55992176386913228,82,86,106,26,False
0.00077346968464553356,169,300,0.56333333333333335,0.60619212962962965,0.7592592592592593,0.453125,0.56321200333425958,82,87,105,26,False
0.00078486453276127577,170,300,0.56666666666666665,0.60879629629629628,0.7592592592592593,0.45833333333333331,0.56649326397225552,82,88,104,26,False
0.00079383765114471316,169,300,0.56333333333333335,0.60416666666666663,0.75,0.45833333333333331,0.56309546308545766,81,88,104,27,False
0.00081575458170846105,170,300,0.56666666666666665,0.60677083333333337,0.75,0.46354166666666669,0.56635829923501158,81,89,103,27,False
0.00091321259969845414,171,300,0.56999999999999995,0.609375,0.75,0.46875,0.56961265138624761,81,90,102,27,False
0.0010139833902940154,172,300,0.57333333333333336,0.61197916666666663,0.75,0.47395833333333331,0.57285873192436032,81,91,101,27,False
0.0010206457227468491,173,300,0.57666666666666666,0.61458333333333337,0.75,0.47916666666666669,0.57609675230031487,81,92,100,27,False
0.0010876200394704938,174,300,0.57999999999999996,0.6171875,0.75,0.484375,0.57932692307692313,81,93,99,27,False
0.0011032489128410816,175,300,0.58333333333333337,0.61979166666666663,0.75,0.48958333333333331,0.58254945397468583,81,94,98,27,False
0.00114728685002774,176,300,0.58666666666666667,0.62239583333333337,0.75,0.49479166666666669,0.58576455391742011,81,95,97,27,False
0.0011666723294183612,177,300,0.58999999999999997,0.625,0.75,0.5,0.58897243107769426,81,96,96,27,False
0.0011809100396931171,176,300,0.58666666666666667,0.62037037037037035,0.7407407407407407,0.5,0.58548760919950082,80,96,96,28,False
0.0012031139340251684,177,300,0.58999999999999997,0.62297453703703698,0.7407407407407407,0.50520833333333337,0.58867920321922618,80,97,95,28,False
0.0017916085198521614,178,300,0.59333333333333338,0.62557870370370372,0.7407407407407407,0.51041666666666663,0.59186404389134217,80,98,94,28,False
0.0018092867685481906,179,300,0.59666666666666668,0.62818287037037035,0.7407407407407407,0.515625,0.59504233648300409,80,99,93,28,False
0.0018758124206215143,180,300,0.59999999999999998,0.63078703703703698,0.7407407407407407,0.52083333333333337,0.5982142857142857,80,100,92,28,False
0.0019202014664188027,181,300,0.60333333333333339,0.63339120370370372,0.7407407407407407,0.52604166666666663,0.60138009580276686,80,101,91,28,False
0.002003462053835392,182,300,0.60666666666666669,0.63599537037037035,0.7407407407407407,0.53125,0.60453997050806563,80,102,90,28,False
0.0020166623871773481,183,300,0.60999999999999999,0.63859953703703698,0.7407407407407407,0.53645833333333337,0.60769411317633648,80,103,89,28,False
0.002133999252691865,184,300,0.61333333333333329,0.64120370370370372,0.7407407407407407,0.54166666666666663,0.61084272678475582,80,104,88,28,False
0.0021624269429594278,185,300,0.6166666666666667,0.64380787037037035,0.7407407407407407,0.546875,0.61398601398601405,80,105,87,28,False
0.0022271058987826109,186,300,0.62,0.64641203703703698,0.7407407407407407,0.55208333333333337,0.61712417715283685,80,106,86,28,False
0.0022670826874673367,187,300,0.62333333333333329,0.64901620370370372,0.7407407407407407,0.55729166666666663,0.620257418422556,80,107,85,28,False
0.0023859741631895304,188,300,0.62666666666666671,0.65162037037037035,0.7407407407407407,0.5625,0.62338593974175038,80,108,84,28,False
0.0024905460886657238,189,300,0.63,0.65422453703703698,0.7407407407407407,0.56770833333333337,0.62650994291097928,80,109,83,28,False
0.00255053979344666,190,300,0.6333333333333333,0.65682870370370372,0.7407407407407407,0.57291666666666663,0.62962962962962954,80,110,82,28,False
0.0025558199267834425,191,300,0.63666666666666671,0.65943287037037035,0.7407407407407407,0.578125,0.63274520154089786,80,111,81,28,False
0.0028206673450767994,192,300,0.64000000000000001,0.66203703703703698,0.7407407407407407,0.58333333333333337,0.63585686027692856,80,112,80,28,False
0.0028945612721145153,193,300,0.64333333333333331,0.66464120370370372,0.7407407407407407,0.58854166666666663,0.63896480750413343,80,113,79,28,False
0.0029600986745208502,194,300,0.64666666666666661,0.66724537037037035,0.7407407407407407,0.59375,0.64206924496870921,80,114,78,28,False
0.0030423977877944708,195,300,0.65000000000000002,0.66984953703703698,0.7407407407407407,0.59895833333333337,0.64517037454238246,80,115,77,28,False
0.0030992180109024048,196,300,0.65333333333333332,0.67245370370370372,0.7407407407407407,0.60416666666666663,0.64826839826839833,80,116,76,28,False
0.0035263795871287584,197,300,0.65666666666666662,0.67505787037037035,0.7407407407407407,0.609375,0.65136351840778062,80,117,75,28,False
0.0035612820647656918,198,300,0.66000000000000003,0.67766203703703698,0.7407407407407407,0.61458333333333337,0.65445593748588471,80,118,74,28,False
0.0038702159654349089,199,300,0.66333333333333333,0.68026620370370372,0.7407407407407407,0.61979166666666663,0.65754585833926693,80,119,73,28,False
0.0038724520709365606,198,300,0.66000000000000003,0.67563657407407407,0.73148148148148151,0.61979166666666663,0.65384615384615374,79,119,73,29,False
0.0043617109768092632,197,300,0.65666666666666662,0.67100694444444442,0.72222222222222221,0.61979166666666663,0.6501319081964243,78,119,73,30,False
0.0050317835994064808,198,300,0.66000000000000003,0.67361111111111116,0.72222222222222221,0.625,0.65320277437780494,78,120,72,30,False
0.0056251338683068752,199,300,0.66333333333333333,0.67621527777777779,0.72222222222222221,0.63020833333333337,0.65627162482558332,78,121,71,30,False
0.0056871096603572369,198,300,0.66000000000000003,0.67158564814814814,0.71296296296296291,0.63020833333333337,0.65252543604651159,77,121,71,31,False
0.0062181330285966396,199,300,0.66333333333333333,0.67418981481481477,0.71296296296296291,0.63541666666666663,0.65558397271952251,77,122,70,31,False
0.0063446005806326866,200,300,0.66666666666666663,0.6767939814814814,0.71296296296296291,0.640625,0.65864093577898142,77,123,69,31,False
0.0068174945190548897,201,300,0.67000000000000004,0.67939814814814814,0.71296296296296291,0.64583333333333337,0.66169652925698541,77,124,68,31,False
0.0070096077397465706,202,300,0.67333333333333334,0.68200231481481477,0.71296296296296291,0.65104166666666663,0.66475095785440619,77,125,67,31,False
0.0073841768316924572,201,300,0.67000000000000004,0.67737268518518512,0.70370370370370372,0.65104166666666663,0.66095503373326181,76,125,67,32,False
0.0073971403762698174,202,300,0.67333333333333334,0.67997685185185186,0.70370370370370372,0.65625,0.66399999999999992,76,126,66,32,False
0.0075359772890806198,203,300,0.67666666666666664,0.6825810185185186,0.70370370370370372,0.66145833333333337,0.6670442453574984,76,127,65,32,False
0.0075881388038396835,204,300,0.68000000000000005,0.68518518518518512,0.70370370370370372,0.66666666666666663,0.67008797653958951,76,128,64,32,False
0.0079595921561121941,205,300,0.68333333333333335,0.68778935185185186,0.70370370370370372,0.671875,0.67313140117672698,76,129,63,32,False
0.0083330944180488586,206,300,0.68666666666666665,0.6903935185185186,0.70370370370370372,0.67708333333333337,0.67617472784897337,76,130,62,32,False
0.0085150739178061485,207,300,0.68999999999999995,0.69299768518518512,0.70370370370370372,0.68229166666666663,0.67921816613969532,76,131,61,32,False
0.010874133557081223,208,300,0.69333333333333336,0.69560185185185186,0.70370370370370372,0.6875,0.68226192668999819,76,132,60,32,False
0.012754342518746853,207,300,0.68999999999999995,0.69097222222222221,0.69444444444444442,0.6875,0.6783898744683059,75,132,60,33,False
0.014486809261143208,206,300,0.68666666666666665,0.68634259259259256,0.68518518518518523,0.6875,0.67450020776582487,74,132,60,34,False
0.017271785065531731,205,300,0.68333333333333335,0.68171296296296302,0.67592592592592593,0.6875,0.67059258659947529,73,132,60,35,False
0.017358347773551941,204,300,0.68000000000000005,0.67708333333333326,0.66666666666666663,0.6875,0.66666666666666663,72,132,60,36,False
0.017650647088885307,205,300,0.68333333333333335,0.6796875,0.66666666666666663,0.69270833333333337,0.66967628275710189,72,133,59,36,False
0.018055655062198639,206,300,0.68666666666666665,0.68229166666666663,0.66666666666666663,0.69791666666666663,0.67268675425971491,72,134,58,36,False
0.019989920780062675,207,300,0.68999999999999995,0.68489583333333326,0.66666666666666663,0.703125,0.67569829480071131,72,135,57,36,False
0.031034080311655998,208,300,0.69333333333333336,0.6875,0.66666666666666663,0.70833333333333337,0.67871111938908557,72,136,56,36,False
0.033950284123420715,209,300,0.69666666666666666,0.69010416666666663,0.66666666666666663,0.71354166666666663,0.68172544447682892,72,137,55,36,False
0.034539826214313507,210,300,0.69999999999999996,0.69270833333333326,0.66666666666666663,0.71875,0.68474148802017654,72,138,54,36,False
0.039796024560928345,209,300,0.69666666666666666,0.68807870370370372,0.65740740740740744,0.71875,0.68074282840804101,71,138,54,37,False
0.046691492199897766,208,300,0.69333333333333336,0.68344907407407407,0.64814814814814814,0.71875,0.67672413793103448,70,138,54,38,False
0.054558161646127701,209,300,0.69666666666666666,0.6860532407407407,0.64814814814814814,0.72395833333333337,0.67972406996797241,70,139,53,38,False
0.05911671370267868,210,300,0.69999999999999996,0.68865740740740744,0.64814814814814814,0.72916666666666663,0.68272620446533494,70,140,52,38,False
0.060617819428443909,209,300,0.69666666666666666,0.68402777777777768,0.63888888888888884,0.72916666666666663,0.67866853423416007,69,140,52,39,False
0.067165084183216095,210,300,0.69999999999999996,0.68663194444444442,0.63888888888888884,0.734375,0.6816638370118846,69,141,51,39,False
0.085652068257331848,211,300,0.70333333333333337,0.68923611111111116,0.63888888888888884,0.73958333333333337,0.68466180864758885,69,142,50,39,False
0.098918631672859192,212,300,0.70666666666666667,0.69184027777777768,0.63888888888888884,0.74479166666666663,0.68766267568974482,69,143,49,39,False
0.11201352626085281,213,300,0.70999999999999996,0.69444444444444442,0.63888888888888884,0.75,0.69066666666666665,69,144,48,39,False
0.12132114917039871,212,300,0.70666666666666667,0.68981481481481488,0.62962962962962965,0.75,0.68655015197568381,68,144,48,40,False
0.12368427962064743,213,300,0.70999999999999996,0.69241898148148151,0.62962962962962965,0.75520833333333337,0.68954812004139354,68,145,47,40,False
0.12953005731105804,214,300,0.71333333333333337,0.69502314814814814,0.62962962962962965,0.76041666666666663,0.69254969254969256,68,146,46,40,False
0.14147278666496277,215,300,0.71666666666666667,0.69762731481481488,0.62962962962962965,0.765625,0.69555510452608083,68,147,45,40,False
0.15658363699913025,216,300,0.71999999999999997,0.70023148148148151,0.62962962962962965,0.77083333333333337,0.69856459330143539,68,148,44,40,False
0.18518108129501343,217,300,0.72333333333333338,0.70283564814814814,0.62962962962962965,0.77604166666666663,0.70157839859058713,68,149,43,40,False
0.18822388350963593,218,300,0.72666666666666668,0.70543981481481488,0.62962962962962965,0.78125,0.70459676257265003,68,150,42,40,False
0.19753040373325348,217,300,0.72333333333333338,0.70081018518518512,0.62037037037037035,0.78125,0.70040066898485165,67,150,42,41,False
0.24356634914875031,218,300,0.72666666666666668,0.70341435185185186,0.62037037037037035,0.78645833333333337,0.70341435185185186,67,151,41,41,False
0.25098371505737305,217,300,0.72333333333333338,0.69878472222222232,0.61111111111111116,0.78645833333333337,0.69918453639383871,66,151,41,42,False
0.26114204525947571,218,300,0.72666666666666668,0.70138888888888884,0.61111111111111116,0.79166666666666663,0.70219359837296014,66,152,40,42,False
0.27535393834114075,219,300,0.72999999999999998,0.70399305555555558,0.61111111111111116,0.796875,0.70520799213887975,66,153,39,42,False
0.27588233351707458,218,300,0.72666666666666668,0.69936342592592593,0.60185185185185186,0.796875,0.70093367049212207,65,153,39,43,False
0.28275954723358154,219,300,0.72999999999999998,0.70196759259259256,0.60185185185185186,0.80208333333333337,0.70394376149806903,65,154,38,43,False
0.31735184788703918,218,300,0.72666666666666668,0.69733796296296302,0.59259259259259256,0.80208333333333337,0.69963369963369959,64,154,38,44,False
0.3909325897693634,217,300,0.72333333333333338,0.69270833333333337,0.58333333333333337,0.80208333333333337,0.69529729928168482,63,154,38,45,False
0.40447711944580078,218,300,0.72666666666666668,0.6953125,0.58333333333333337,0.80729166666666663,0.69829277864992156,63,155,37,45,False
0.4979056715965271,219,300,0.72999999999999998,0.69791666666666674,0.58333333333333337,0.8125,0.70129439097245272,63,156,36,45,False
0.5,218,300,0.72666666666666668,0.69328703703703698,0.57407407407407407,0.8125,0.69690996008082395,62,156,36,46,False
0.58354300260543823,218,300,0.72666666666666668,0.69328703703703698,0.57407407407407407,0.8125,0.69690996008082395,62,156,36,46,False
0.80662024021148682,217,300,0.72333333333333338,0.68865740740740744,0.56481481481481477,0.8125,0.69249768447051552,61,156,36,47,False
0.81017178297042847,218,300,0.72666666666666668,0.69126157407407407,0.56481481481481477,0.81770833333333337,0.69548425430778371,61,157,35,47,False
0.83588778972625732,219,300,0.72999999999999998,0.6938657407407407,0.56481481481481477,0.82291666666666663,0.69847749748731247,61,158,34,47,False
0.91319483518600464,220,300,0.73333333333333328,0.69646990740740744,0.56481481481481477,0.828125,0.70147768545698796,61,159,33,47,False
0.94725072383880615,221,300,0.73666666666666669,0.69907407407407407,0.56481481481481477,0.83333333333333337,0.70448509333034082,61,160,32,47,False
0.95074105262756348,220,300,0.73333333333333328,0.69444444444444442,0.55555555555555558,0.83333333333333337,0.69999999999999996,60,160,32,48,False
0.96098476648330688,221,300,0.73666666666666669,0.69704861111111116,0.55555555555555558,0.83854166666666663,0.70300379704006311,60,161,31,48,False
0.96169775724411011,222,300,0.73999999999999999,0.69965277777777779,0.55555555555555558,0.84375,0.70601537765716871,60,162,30,48,False
0.9630846381187439,221,300,0.73666666666666669,0.69502314814814814,0.54629629629629628,0.84375,0.70147749744933308,59,162,30,49,False
0.96603208780288696,220,300,0.73333333333333328,0.6903935185185186,0.53703703703703709,0.84375,0.69690846635683978,58,162,30,50,False
0.96990269422531128,219,300,0.72999999999999998,0.68576388888888884,0.52777777777777779,0.84375,0.69230769230769229,57,162,30,51,False
0.97426402568817139,220,300,0.73333333333333328,0.68836805555555558,0.52777777777777779,0.84895833333333337,0.69529226550200596,57,163,29,51,False
0.9769599437713623,221,300,0.73666666666666669,0.69097222222222221,0.52777777777777779,0.85416666666666663,0.69828519051316973,57,164,28,51,False
0.98338586091995239,222,300,0.73999999999999999,0.69357638888888884,0.52777777777777779,0.859375,0.70128676470588236,57,165,27,51,False
0.98720908164978027,221,300,0.73666666666666669,0.6889467592592593,0.51851851851851849,0.859375,0.69661670016257249,56,165,27,52,False
0.98985087871551514,220,300,0.73333333333333328,0.68431712962962965,0.5092592592592593,0.859375,0.69191270860077025,55,165,27,53,False
0.99269616603851318,221,300,0.73666666666666669,0.68692129629629628,0.5092592592592593,0.86458333333333337,0.69489823504422044,55,166,26,53,False
0.993202805519104,222,300,0.73999999999999999,0.68952546296296302,0.5092592592592593,0.86979166666666663,0.69789299731460441,55,167,25,53,False
0.99338269233703613,223,300,0.74333333333333329,0.69212962962962965,0.5092592592592593,0.875,0.70089730807577277,55,168,24,53,False
0.99350845813751221,224,300,0.7466666666666667,0.69473379629629628,0.5092592592592593,0.88020833333333337,0.70391148511765622,55,169,23,53,False
0.9942668080329895,223,300,0.74333333333333329,0.69010416666666674,0.5,0.88020833333333337,0.69912080755454253,54,169,23,54,False
0.99475324153900146,222,300,0.73999999999999999,0.68547453703703709,0.49074074074074076,0.88020833333333337,0.69429347826086962,53,169,23,55,False
0.99657529592514038,223,300,0.74333333333333329,0.68807870370370372,0.49074074074074076,0.88541666666666663,0.6972913472500688,53,170,22,55,False
0.9966055154800415,224,300,0.7466666666666667,0.69068287037037035,0.49074074074074076,0.890625,0.70029970029970035,53,171,21,55,False
0.99715244770050049,223,300,0.74333333333333329,0.6860532407407407,0.48148148148148145,0.890625,0.69540737615211168,52,171,21,56,False
0.99738460779190063,224,300,0.7466666666666667,0.68865740740740744,0.48148148148148145,0.89583333333333337,0.69841269841269837,52,172,20,56,False
0.99746453762054443,225,300,0.75,0.69126157407407407,0.48148148148148145,0.90104166666666663,0.7014291590918138,52,173,19,56,False
0.99777466058731079,224,300,0.7466666666666667,0.68663194444444442,0.47222222222222221,0.90104166666666663,0.69646946056765535,51,173,19,57,False
0.99785172939300537,225,300,0.75,0.68923611111111116,0.47222222222222221,0.90625,0.69948311095083548,51,174,18,57,False
0.99817132949829102,226,300,0.7533333333333333,0.69184027777777779,0.47222222222222221,0.91145833333333337,0.70250857632933106,51,175,17,57,False
0.99836403131484985,227,300,0.75666666666666671,0.69444444444444442,0.47222222222222221,0.91666666666666663,0.70554621848739496,51,176,16,57,False
0.99850583076477051,228,300,0.76000000000000001,0.69704861111111116,0.47222222222222221,0.921875,0.70859640602234086,51,177,15,57,False
0.99886250495910645,229,300,0.76333333333333331,0.69965277777777779,0.47222222222222221,0.92708333333333337,0.71165951455916399,51,178,14,57,True
0.99888557195663452,228,300,0.76000000000000001,0.69502314814814814,0.46296296296296297,0.92708333333333337,0.70658552488589432,50,178,14,58,False
0.99912363290786743,227,300,0.75666666666666671,0.6903935185185186,0.45370370370370372,0.92708333333333337,0.70146812252075408,49,178,14,59,False
0.99916362762451172,226,300,0.7533333333333333,0.68576388888888884,0.44444444444444442,0.92708333333333337,0.69630642954856359,48,178,14,60,False
0.99923598766326904,225,300,0.75,0.6811342592592593,0.43518518518518517,0.92708333333333337,0.69109954831889508,47,178,14,61,False
0.99925798177719116,224,300,0.7466666666666667,0.67650462962962965,0.42592592592592593,0.92708333333333337,0.68584656084656093,46,178,14,62,False
0.99935799837112427,223,300,0.74333333333333329,0.671875,0.41666666666666669,0.92708333333333337,0.68054652819073169,45,178,14,63,False
0.99939310550689697,224,300,0.7466666666666667,0.67447916666666663,0.41666666666666669,0.93229166666666663,0.68352673366276162,45,179,13,63,False
0.99939751625061035,223,300,0.74333333333333329,0.66984953703703698,0.40740740740740738,0.93229166666666663,0.67816091954022983,44,179,13,64,False
0.99940395355224609,224,300,0.7466666666666667,0.67245370370370372,0.40740740740740738,0.9375,0.68113671962407696,44,180,12,64,False
0.99952077865600586,223,300,0.74333333333333329,0.66782407407407407,0.39814814814814814,0.9375,0.67570299448273929,43,180,12,65,False
0.99952411651611328,222,300,0.73999999999999999,0.66319444444444442,0.3888888888888889,0.9375,0.67021816336884821,42,180,12,66,False
0.99955421686172485,221,300,0.73666666666666669,0.65856481481481488,0.37962962962962965,0.9375,0.66468116413644784,41,180,12,67,False
0.99956172704696655,220,300,0.73333333333333328,0.65393518518518512,0.37037037037037035,0.9375,0.65909090909090917,40,180,12,68,False
0.99960845708847046,219,300,0.72999999999999998,0.64930555555555558,0.3611111111111111,0.9375,0.65344628417404693,39,180,12,69,False
0.9996645450592041,220,300,0.73333333333333328,0.65190972222222221,0.3611111111111111,0.94270833333333337,0.65633770548141357,39,181,11,69,False
0.99968171119689941,219,300,0.72999999999999998,0.64728009259259256,0.35185185185185186,0.94270833333333337,0.650616094664347,38,181,11,70,False
0.99969124794006348,218,300,0.72666666666666668,0.64265046296296302,0.34259259259259262,0.94270833333333337,0.64483714483714483,37,181,11,71,False
0.99972432851791382,219,300,0.72999999999999998,0.64525462962962965,0.34259259259259262,0.94791666666666663,0.64769844146429867,37,182,10,71,False
0.99972695112228394,218,300,0.72666666666666668,0.640625,0.33333333333333331,0.94791666666666663,0.64183798264515757,36,182,10,72,False
0.99973315000534058,217,300,0.72333333333333338,0.63599537037037035,0.32407407407407407,0.94791666666666663,0.63591700662367856,35,182,10,73,False
0.99982553720474243,216,300,0.71999999999999997,0.6313657407407407,0.31481481481481483,0.94791666666666663,0.62993421052631582,34,182,10,74,False
0.99983692169189453,217,300,0.72333333333333338,0.63396990740740744,0.31481481481481483,0.953125,0.63273794598740396,34,183,9,74,False
0.99985158443450928,218,300,0.72666666666666668,0.63657407407407407,0.31481481481481483,0.95833333333333337,0.63555555555555554,34,184,8,74,False
0.9998553991317749,217,300,0.72333333333333338,0.63194444444444442,0.30555555555555558,0.95833333333333337,0.62945877170791231,33,184,8,75,False
0.9998631477355957,216,300,0.71999999999999997,0.62731481481481488,0.29629629629629628,0.95833333333333337,0.62329586223391531,32,184,8,76,False
0.99986684322357178,215,300,0.71666666666666667,0.62268518518518523,0.28703703703703703,0.95833333333333337,0.61706536919403532,31,184,8,77,False
0.99988186359405518,214,300,0.71333333333333337,0.61805555555555558,0.27777777777777779,0.95833333333333337,0.6107657956671293,30,184,8,78,False
0.99990284442901611,213,300,0.70999999999999996,0.61342592592592593,0.26851851851851855,0.95833333333333337,0.60439560439560447,29,184,8,79,False
0.99992597103118896,212,300,0.70666666666666667,0.60879629629629628,0.25925925925925924,0.95833333333333337,0.59795321637426901,28,184,8,80,False
0.99993705749511719,213,300,0.70999999999999996,0.61140046296296291,0.25925925925925924,0.96354166666666663,0.60061820018056344,28,185,7,80,False
0.9999467134475708,212,300,0.70666666666666667,0.60677083333333326,0.25,0.96354166666666663,0.59407097607478931,27,185,7,81,False
0.99995064735412598,211,300,0.70333333333333337,0.60214120370370372,0.24074074074074073,0.96354166666666663,0.58744727205302927,26,185,7,82,False
0.99995207786560059,210,300,0.69999999999999996,0.59751157407407407,0.23148148148148148,0.96354166666666663,0.58074534161490687,25,185,7,83,False
0.99996089935302734,209,300,0.69666666666666666,0.59288194444444442,0.22222222222222221,0.96354166666666663,0.57396338894177501,24,185,7,84,False
0.99996328353881836,210,300,0.69999999999999996,0.59548611111111116,0.22222222222222221,0.96875,0.57651044607566349,24,186,6,84,False
0.99996352195739746,209,300,0.69666666666666666,0.59085648148148151,0.21296296296296297,0.96875,0.56961107344989037,23,186,6,85,False
0.99996411800384521,208,300,0.69333333333333336,0.58622685185185186,0.20370370370370369,0.96875,0.56262677484787016,22,186,6,86,False
0.99996459484100342,207,300,0.68999999999999995,0.58159722222222221,0.19444444444444445,0.96875,0.55555555555555558,21,186,6,87,False
0.99996507167816162,206,300,0.68666666666666665,0.57696759259259256,0.18518518518518517,0.96875,0.54839536224457119,20,186,6,88,False
0.99996912479400635,205,300,0.68333333333333335,0.57233796296296302,0.17592592592592593,0.96875,0.54114408075864184,19,186,6,89,False
0.99997317790985107,204,300,0.68000000000000005,0.56770833333333337,0.16666666666666666,0.96875,0.53379953379953382,18,186,6,90,False
0.9999774694442749,203,300,0.67666666666666664,0.56307870370370372,0.15740740740740741,0.96875,0.52635947850713716,17,186,6,91,False
0.99997806549072266,202,300,0.67333333333333334,0.55844907407407407,0.14814814814814814,0.96875,0.51882160392798693,16,186,6,92,False
0.99997985363006592,203,300,0.67666666666666664,0.5610532407407407,0.14814814814814814,0.97395833333333337,0.52105860860119491,16,187,5,92,False
0.99998152256011963,202,300,0.67333333333333334,0.55642361111111116,0.1388888888888889,0.97395833333333337,0.51337394067796605,15,187,5,93,False
0.99998164176940918,201,300,0.67000000000000004,0.55179398148148151,0.12962962962962962,0.97395833333333337,0.50558505768174322,14,187,5,94,False
0.99999237060546875,200,300,0.66666666666666663,0.54716435185185186,0.12037037037037036,0.97395833333333337,0.49768937110709266,13,187,5,95,False
0.99999511241912842,199,300,0.66333333333333333,0.54253472222222221,0.1111111111111111,0.97395833333333337,0.48968421052631583,12,187,5,96,False
0.99999535083770752,198,300,0.66000000000000003,0.53790509259259256,0.10185185185185185,0.97395833333333337,0.48156682027649766,11,187,5,97,False
0.99999547004699707,199,300,0.66333333333333333,0.54050925925925919,0.10185185185185185,0.97916666666666663,0.48356087334458248,11,188,4,97,False
0.99999642372131348,200,300,0.66666666666666663,0.54311342592592593,0.10185185185185185,0.984375,0.48556142396597846,11,189,3,97,False
0.99999797344207764,199,300,0.66333333333333333,0.53848379629629628,0.092592592592592587,0.984375,0.47721665315136563,10,189,3,98,False
0.99999845027923584,198,300,0.66000000000000003,0.53385416666666663,0.083333333333333329,0.984375,0.46875,9,189,3,99,False
0.99999868869781494,196,300,0.65333333333333332,0.52256944444444442,0.055555555555555552,0.98958333333333337,0.44428612140210888,6,190,2,102,False
0.99999880790710449,197,300,0.65666666666666662,0.52517361111111105,0.055555555555555552,0.99479166666666663,0.44598834603316895,6,191,1,102,False
0.99999916553497314,196,300,0.65333333333333332,0.52054398148148151,0.046296296296296294,0.99479166666666663,0.43686376434914442,5,191,1,103,False
0.9999995231628418,195,300,0.65000000000000002,0.51591435185185186,0.037037037037037035,0.99479166666666663,0.42759535534516907,4,191,1,104,False
0.9999997615814209,194,300,0.64666666666666661,0.51128472222222221,0.027777777777777776,0.99479166666666663,0.41817915690866514,3,191,1,105,False
0.99999988079071045,194,300,0.64666666666666661,0.5092592592592593,0.018518518518518517,1,0.41001855287569572,2,192,0,106,False
1,193,300,0.64333333333333331,0.50462962962962965,0.0092592592592592587,1,0.4002130084642837,1,192,0,107,False
1.0000000000000002,192,300,0.64000000000000001,0.5,0,1,0.3902439024390244,0,192,0,108,False
