PairID,Class,ParentSubject1,ParentSubject2,Method,Children
coef_raw_balanced_jitter_class1_pair000000,1,right_TLE_sub-219_hippocampus_rh_aligned,right_TLE_sub-365_hippocampus_rh_aligned,coef_raw_balanced_jitter,8
coef_raw_balanced_jitter_class1_pair000001,1,right_TLE_sub-31_hippocampus_rh_aligned,right_TLE_sub-35538_hippocampus_rh_aligned,coef_raw_balanced_jitter,8
coef_raw_balanced_jitter_class1_pair000002,1,right_TLE_sub-147_hippocampus_rh_aligned,right_TLE_sub-201_hippocampus_rh_aligned,coef_raw_balanced_jitter,8
coef_raw_balanced_jitter_class1_pair000003,1,right_TLE_sub-2_hippocampus_rh_aligned,right_TLE_sub-343_hippocampus_rh_aligned,coef_raw_balanced_jitter,8
coef_raw_balanced_jitter_class1_pair000004,1,right_TLE_sub-219_hippocampus_rh_aligned,right_TLE_sub-325_hippocampus_rh_aligned,coef_raw_balanced_jitter,8
coef_raw_balanced_jitter_class1_pair000005,1,right_TLE_sub-126_hippocampus_rh_aligned,right_TLE_sub-340_hippocampus_rh_aligned,coef_raw_balanced_jitter,8
coef_raw_balanced_jitter_class1_pair000006,1,right_TLE_sub-301_hippocampus_rh_aligned,right_TLE_sub-36387_hippocampus_rh_aligned,coef_raw_balanced_jitter,8
coef_raw_balanced_jitter_class1_pair000007,1,right_TLE_sub-31_hippocampus_rh_aligned,right_TLE_sub-380_hippocampus_rh_aligned,coef_raw_balanced_jitter,8
coef_raw_balanced_jitter_class1_pair000008,1,right_TLE_sub-330_hippocampus_rh_aligned,right_TLE_sub-35232_hippocampus_rh_aligned,coef_raw_balanced_jitter,8
coef_raw_balanced_jitter_class1_pair000009,1,right_TLE_sub-31730_hippocampus_rh_aligned,right_TLE_sub-57_hippocampus_rh_aligned,coef_raw_balanced_jitter,8
coef_raw_balanced_jitter_class1_pair000010,1,right_TLE_sub-301_hippocampus_rh_aligned,right_TLE_sub-32436_hippocampus_rh_aligned,coef_raw_balanced_jitter,8
coef_raw_balanced_jitter_class1_pair000011,1,right_TLE_sub-305_hippocampus_rh_aligned,right_TLE_sub-325_hippocampus_rh_aligned,coef_raw_balanced_jitter,8
coef_raw_balanced_jitter_class1_pair000012,1,right_TLE_sub-334_hippocampus_rh_aligned,right_TLE_sub-399_hippocampus_rh_aligned,coef_raw_balanced_jitter,4
