fold,best_epoch,epochs_run,best_validation_loss,accuracy,balanced_accuracy,sensitivity,specificity,f1_macro,roc_auc
1,23,33,0.35477517428954075,0.6666666666666666,0.5738636363636364,0.375,0.7727272727272727,0.5738636363636364,0.7272727272727273
2,16,26,0.5116213851110467,0.8666666666666667,0.7897727272727273,0.625,0.9545454545454546,0.8136645962732919,0.9147727272727273
3,16,26,0.47375954668169257,0.7666666666666667,0.6420454545454546,0.375,0.9090909090909091,0.6563011456628478,0.7784090909090908
4,20,30,0.4086727897310666,0.8666666666666667,0.7897727272727273,0.625,0.9545454545454546,0.8136645962732919,0.7443181818181819
5,19,29,0.4290556300443447,0.9333333333333333,0.875,0.75,1.0,0.9068322981366459,0.9886363636363636
6,15,25,0.5362721936444135,0.8,0.6647727272727273,0.375,0.9545454545454546,0.6875,0.9090909090909091
7,28,38,0.3617725711936835,0.9,0.8920454545454546,0.875,0.9090909090909091,0.8768809849521204,0.9204545454545454
8,25,35,0.3945156079441967,0.7,0.5568181818181819,0.25,0.8636363636363636,0.5581014729950899,0.625
9,20,30,0.45445718410621966,0.8,0.7443181818181819,0.625,0.8636363636363636,0.7443181818181819,0.8352272727272727
10,28,37,0.369753025678381,0.8,0.7301587301587302,0.5555555555555556,0.9047619047619048,0.7443181818181819,0.7354497354497355
