epoch,loss,validation_loss,is_best_checkpoint,seconds
1,1.0152946798889726,1.0026289842746876,True,0.032000000006519258
2,1.0135538754639801,1.002466983265347,True,0.031000000075437129
3,1.0139155476181596,1.0022397703594632,True,0.030999999959021807
4,1.0104472593024925,1.0010390105070892,True,0.030999999959021807
5,1.007701767815484,0.99878295262654626,True,0.01600000006146729
6,0.99854579678288213,0.99173859755198157,True,0.030999999959021807
7,0.97519442107942367,0.97360111165929719,True,0.032000000006519258
8,0.92188643967663797,0.93354704203429051,True,0.030999999959021807
9,0.82102924364584462,0.87066834502749968,True,0.031000000075437129
10,0.68756553199556136,0.83196690347459579,True,0.030999999959021807
11,0.54327168729570174,0.85461127758026123,False,0.01600000006146729
12,0.43956452166592636,1.0636954660768863,False,0.030999999959021807
13,0.40430958293102404,1.0489629551216408,False,0.015999999945051968
14,0.38105368669386264,1.0077953250319869,False,0.031000000075437129
15,0.31971423272733335,1.2894311392748798,False,0.030999999959021807
16,0.33472651243209839,1.0931600464714899,False,0.032000000006519258
17,0.28447317911518943,1.2431538546526875,False,0.015000000013969839
18,0.28343454886365821,1.2234407089374684,False,0.030999999959021807
19,0.24628280931048924,1.2692719918710214,False,0.032000000006519258
20,0.21724322327861079,1.1972738195348669,False,0.031000000075437129
